0,Jessica Roberson,33820 Laura Parks\nBakerville\, CO 57276,East Jessicaburgh,32994
1,Deborah Cruz,85958 Barbara Square\nLake Davidton\, TN 25636,North Robinton,45619
2,Bradley Sanford,6854 Mark Fort\nNorth Alec\, CA 12776,South Sarahfurt,24492
3,Leslie Sanchez,1687 Hernandez Avenue Apt. 161\nNew Amber\, ID 24313,South John,52010
4,Karen Clark,7668 Ford Rest\nPort Oscarbury\, AZ 10226,Jamesmouth,47846
5,Jessica Matthews,2696 Lowery Shores\nWest Matthewmouth\, VA 04070,North Willie,72080
6,Paul Richardson,435 Williams Pines Apt. 005\nEast John\, IA 34546,Willisland,81775
7,Alexis Rose,822 Reyes Stream\nNew Brandon\, IN 46838,Lake Sheilaborough,56322
8,Shane Nelson,33402 Mark Ville Apt. 549\nRyanhaven\, MA 08183,Lake Cynthia,52492
9,Karen Brown,474 Rice Turnpike\nPort Autumnfurt\, SC 09544,North Mitchellhaven,45895
10,Carrie Matthews,66377 Timothy Greens Apt. 683\nWest Thomas\, HI 82508,Hillborough,14532
11,Randy Mitchell,5206 Ana Mission\nScottshire\, MI 29033,New Derek,76842
12,Nancy Robles,44711 Webb Manors Suite 587\nLake Emilybury\, AR 59284,West Alexandraport,91157
13,Casey Burns,09355 Richard Cliff\nFarmerchester\, SC 65319,Danville,92050
14,Barbara Foster,101 Johnson Flats\nPort Carolbury\, KS 28015,Lopezmouth,57303
15,Richard Saunders,979 Jonathan Plaza Suite 399\nSuttonberg\, LA 54581,East Christopher,43760
16,Willie Baker,30759 Shawn Mews Suite 429\nSethshire\, DC 89108,Mcknightfort,51797
17,George Miller,USCGC King\nFPO AE 25682,Brendamouth,10573
18,Diana Davis,019 Amanda Plaza Apt. 382\nSouth Shaunton\, VT 89782,Davismouth,26622
19,Sean Garcia,286 Donald Station\nEast Jason\, KS 19477,Andreschester,06818
20,Dr. Daniel Nguyen,245 Jones Ridges\nThomastown\, MA 90403,Lake Nathaniel,88356
21,Brent Perry,356 Hammond Mills\nChangmouth\, FL 94268,West Sandra,68229
22,Matthew Morris,472 Lori Circle Suite 192\nLake Jamesburgh\, KY 98248,New Jessicastad,03108
23,Aaron Warren,06401 Graham Knoll\nThomastown\, IN 57860,East Wendychester,79274
24,Justin Johnson,778 Tucker Track Suite 100\nMartinmouth\, WA 13530,Brownview,79355
25,Wanda Parker,38192 Juarez Tunnel\nHickmanfurt\, CT 14625,Port Rhondaville,46594
26,Bryan Young,63861 Jessica Haven Apt. 488\nNew Abigail\, NM 19643,Dawnside,84839
27,Matthew Solomon,Unit 2790 Box 4484\nDPO AP 67465,Port Christopher,50139
28,Lindsay Ramirez,Unit 6228 Box 3607\nDPO AE 74241,Stewartfurt,43068
29,Joshua Patton,025 Susan Mall Apt. 949\nSouth Robertville\, RI 99173,South Brookeborough,79943
30,Tony Stewart,943 Mathis Row Apt. 620\nFritzborough\, RI 70178,South Stephen,80070
31,Scott Erickson,7601 Aaron Place\nCohenmouth\, VA 37536,Juliemouth,75204
32,Sharon Elliott,12395 Hopkins Center\nMasontown\, NC 40404,Lopezfort,97480
33,Spencer Mendoza,Unit 7235 Box 2610\nDPO AA 44733,New Amy,12939
34,Michael Webb,809 Alexis Coves Suite 873\nWatsonchester\, AZ 80645,South Heather,75649
35,Matthew Werner,704 Joshua Common Suite 544\nWest Heidi\, NC 33967,Sonyaberg,07014
36,Kyle Byrd,58904 Maddox Squares\nFreemanton\, NV 58702,Reevesburgh,39189
37,Gary Davis,7347 Phillips Place\nMillerbury\, DE 33549,Lake Waynefurt,93483
38,Dr. Kelly Miller,Unit 0870 Box 2944\nDPO AA 24680,Annetteville,20415
39,Antonio Richardson,55892 Wanda Pike Suite 946\nWest Nancy\, SC 15671,Murrayton,69809
40,Karen Nicholson,886 Pittman Tunnel\nSouth Scott\, HI 10274,Harryville,50613
41,Justin Fox,Unit 3484 Box 6962\nDPO AP 87118,Lake Crystalbury,92119
42,Christopher Martin,98406 Martinez Curve Apt. 905\nPittmanstad\, MO 01042,West Darrylland,66398
43,Anthony Johnson,4132 Thompson Pines Apt. 871\nNorth Albert\, MA 87465,East Jesse,04982
44,Catherine Miller,6774 Scott Brook Apt. 668\nTaylormouth\, MS 52719,Amandamouth,55058
45,Lindsay Duncan,780 Gregg Court Apt. 296\nNathanmouth\, NJ 33277,Jamesmouth,05817
46,Rachel Richard,1220 Williams Glens Suite 451\nNew Christophermouth\, WI 88775,North Adammouth,34066
47,Rodney Orozco,6898 Nguyen Canyon\nNorth Andrew\, MN 92012,Singhshire,72652
48,Eric Thompson,22878 Henderson Point Suite 552\nMarkburgh\, MO 98772,Lake Randall,05470
49,Brian Parks,7390 Emily Highway\nPort Gregory\, MI 26493,Lake Tara,34964
50,Jason Wolf,030 Adriana Shoals\nPort Jasonbury\, VA 63418,Harrisberg,76851
51,Samantha King,253 Brett Street Suite 332\nTarahaven\, ID 88646,South Andrew,75282
52,Alexander Gray,956 Elizabeth Ville Apt. 486\nSouth Vicki\, HI 74440,North Luis,15262
53,James Leon,0009 Fischer Cliffs\nLake Megantown\, MS 75624,Port Cynthia,52654
54,Kara Mcfarland,1449 Maxwell Stream Apt. 849\nNew Anthonyhaven\, KS 38702,East Christopherstad,75458
55,Tamara Rivera,721 Griffith Overpass Suite 141\nWest Sandra\, ND 27152,Vincentborough,93888
56,John Wang,USS Maxwell\nFPO AA 50519,Cindyton,15808
57,Katie Nunez,16196 Alexandra Mountain Suite 388\nWest Crystal\, MA 03771,North Maria,93345
58,Vanessa Smith,1297 Jenkins Road\nLake Susan\, MA 90352,East Lucastown,45135
59,Michelle Butler,4744 Barker Curve\nWilliamsfort\, DE 02672,North Mary,01293
60,Christopher Osborn,88402 Rebecca Court\nJensenfurt\, MT 54250,North Veronica,88285
61,Diane Mahoney,6123 Kline Mountains\nPort Anna\, GA 65615,Andrewberg,87070
62,Carlos Perkins,5046 Michael Stravenue Apt. 950\nMonicafurt\, FL 59530,Kevinhaven,41224
63,Jonathan Johnson,054 Larry Mall\nMariashire\, IA 07011,West Benjamin,15274
64,Pamela Jimenez,25301 Joseph Walks Suite 141\nSethfort\, OH 50539,Angelaberg,92949
65,Julie Graham,91023 Gonzalez Port\nBrandtmouth\, OR 16822,South Kimberly,40019
66,Nicole Welch,6275 Dorsey Square\nLake Joan\, MA 49749,South Ian,27761
67,John Francis,169 White Rue Apt. 447\nNew Markville\, AL 46277,Westburgh,46957
68,Catherine Watson DDS,8187 Martinez Shoals Suite 259\nWest Johnmouth\, AR 46241,Loriland,43760
69,Jimmy Terry,50679 Victoria Court Suite 685\nPort Alexanderside\, NH 37911,Barbarashire,48157
70,Timothy Russell,4970 Clifford Gardens Suite 288\nLopezfurt\, TX 09527,West Teresa,36523
71,Margaret Dixon,2424 Ellis Rue\nVillarrealland\, OK 06596,Lauraview,33967
72,Kelly Velasquez,22098 Marissa Mall\nNew Jacobburgh\, WA 15229,East John,87683
73,Thomas Reilly,21101 Zachary Knoll\nRamirezmouth\, ND 84925,East Alexisfurt,62539
74,Sydney Fischer,52784 Adams Lake Apt. 299\nSaraport\, CT 92439,Jamesfurt,83763
75,Heather Matthews,USS Parker\nFPO AE 27758,Alvarezberg,28187
76,Kimberly Anderson,5905 Brown Lodge\nSouth Megan\, HI 87175,East Catherine,00854
77,Erin Walker,29343 Espinoza Motorway Suite 324\nLeeberg\, NV 63019,Lake Jeremiah,33520
78,Barbara Gilmore,7016 Benjamin Fords Apt. 706\nDouglasview\, CT 33698,Kimberlyview,07247
79,Nathan Smith,88287 Adams Groves Suite 733\nMelissatown\, WA 96696,Walkerside,45980
80,Thomas Perez,0785 Jason Squares Suite 864\nPort Mark\, ND 51758,Marthaside,95985
81,James Mejia,PSC 8174\, Box 1061\nAPO AA 47565,Mooremouth,47255
82,Jeffrey Mcmahon,9160 Bailey Haven Suite 243\nBrownberg\, NH 93481,East Timothy,41623
83,Nicholas Nelson,2037 Thomas Station\nWest Susanfurt\, VT 76360,South Annette,37827
84,Anthony Coleman,818 Hansen Shoal Apt. 815\nSouth Elizabethland\, MI 21399,Port Eric,29661
85,Michael Pierce,Unit 3434 Box 1668\nDPO AP 28906,Johnstad,49962
86,Diamond Newton,3562 Anderson Hollow Suite 078\nDiazton\, TN 96983,Lake Dustinmouth,34871
87,Madison Morales,2334 Brown Landing Apt. 983\nAngelaside\, MT 39651,Brownburgh,72831
88,Troy Kirby,22994 Newman Field Apt. 319\nSouth Christine\, NC 72596,Huntside,97117
89,Brandon Allen,73014 Jennings Tunnel\nLindseyhaven\, RI 57348,East Jacob,94092
90,Mr. Lawrence Jones,390 Melissa Road\nEast Cody\, OK 42176,Julietown,74774
91,Susan Kelly,609 Theodore Plaza\nMarkfurt\, AZ 17439,North Duane,14917
92,Michelle Collins,3782 Kevin Shores\nLake Lucasshire\, SC 95493,New Denisefurt,59380
93,Alyssa Garza,03763 Alyssa Spring Apt. 117\nJosephside\, DC 63143,Lake David,23927
94,Stacy Meyers,89707 Erin Brooks Apt. 888\nAdkinschester\, PA 87325,Dunntown,70192
95,John Hernandez,5705 Christopher Center\nJacksonland\, NM 92252,South Karen,66523
96,Antonio Sweeney,085 Powell Springs Apt. 533\nChenshire\, CT 76591,Daniellefort,19685
97,Rickey Gray,530 Jeffery Square Suite 942\nBakerfort\, AK 39802,East Aaronbury,20933
98,Michelle Mcfarland,0287 Sharon Dale\nWest Michaelmouth\, ND 99171,Ernestshire,21896
99,Stacy Solis,1975 Matthews Road Suite 275\nJerryport\, WI 24180,Lake Stephentown,19663
100,Tammy Cooper,60068 Christian Coves\nMeganmouth\, WA 44859,Smithbury,95475
101,Mr. Matthew Martin,995 Hancock Dale\nLake Jon\, MS 74116,Lake Raymond,53943
102,Timothy Holmes,363 Santos Crossroad\nGraytown\, DC 18625,Williamsside,93518
103,Debra Schwartz,325 Jackson Crossroad Suite 586\nEast Darrellmouth\, MT 78213,Carlborough,81532
104,Craig Wright,80428 Felicia Route Suite 593\nCannonhaven\, IA 07085,West Wendyberg,92384
105,Emily Ayers,03714 Jimenez Mills Apt. 198\nWest Johnfurt\, PA 79392,Kathleenbury,13353
106,Charles Hunter,766 Clark Forest\nNorth Timothyton\, DC 59344,Ericamouth,29179
107,Steven Rich,92899 Chad Underpass\nOwensberg\, FL 20570,Lake Robertoberg,69080
108,Marc Cook,68562 Paul Hollow\nNew Donna\, WY 81581,South Shelby,57965
109,Sarah Torres,0488 Jennifer Street Suite 906\nSotochester\, IA 32190,Port Brianfort,83035
110,Nicole Fowler,830 Daniel Common\nAndersonburgh\, NV 61637,Josephchester,28566
111,Christopher Harris,74338 Gerald Route\nSouth Antonioville\, NM 06418,East Christopher,91845
112,Allison Davis,37938 Cynthia Plain\nColechester\, MO 03648,East Davidtown,27520
113,Sherry Gonzalez,631 Monica Meadows\nSouth Deniseside\, TX 42190,Lake John,53760
114,Leslie Ward,865 Smith Haven Apt. 496\nCastanedatown\, NV 12897,Jimmyfurt,98157
115,Darren Wolfe,486 Farmer Route\nPort Thomasbury\, TN 34607,Mullinsmouth,44179
116,Samantha Kelly,428 Chavez Forest\nStevenston\, CT 20650,Clayberg,56571
117,Herbert Richmond,37982 Daniel Mill\nEast Randy\, HI 72810,Melissashire,12077
118,Stephanie Lucas,7566 Anderson Ridge Apt. 159\nThomasmouth\, PA 37120,New John,16390
119,Richard Moore,552 Robert Inlet\nNorth Jonathan\, UT 78944,Williamberg,64331
120,Maria Hanson,PSC 2856\, Box 9791\nAPO AP 96342,West Kimberlyburgh,28024
121,Sarah Carter,66199 Wallace Mission Suite 443\nSandrastad\, SC 20700,Jonesmouth,81355
122,Amanda Spears,89766 Black Oval Suite 724\nPort Margaret\, TN 82186,Dannyfort,88005
123,Helen Nichols,198 Logan Port\nSouth Alicia\, AR 12184,Jamesburgh,07372
124,Timothy Wood,61464 Wells Run\nLisaton\, WV 43385,West Travis,04391
125,Alexandra Brock,3397 Lopez Locks Suite 539\nNorth Brianton\, TN 14411,North Jason,83010
126,Hannah Tucker,41333 Jane Plaza Apt. 525\nJosephland\, NM 51240,Floresshire,61039
127,Amanda Harris,73782 Jennifer Lights\nJimmyside\, TN 89818,East Shawnport,10320
128,Angela Larson,USCGC Barajas\nFPO AE 44853,Port Aliciabury,51927
129,David Robbins,27585 Floyd Knolls\nSouth Dorothyville\, SD 94041,East Julieport,45527
130,Brett Brown III,769 Susan Turnpike Apt. 401\nBrendaburgh\, OK 04835,South Alyssa,15661
131,Brent Bernard,2086 Griffith Ranch Suite 491\nNorth Monica\, UT 41598,Port Cassandra,79581
132,Brandi Rodriguez,60732 Randall Walks\nNorth Kyle\, AL 70757,Danielstad,37894
133,Jose Walker,16619 Green Plain Apt. 867\nDavidton\, NE 63474,North Erica,58238
134,Dylan Lewis,1269 Andrea Bypass Apt. 395\nShannonport\, LA 46230,East Geraldfort,22244
135,Cheyenne Poole,USS Chambers\nFPO AP 34126,Ramirezstad,65868
136,Crystal Clay,07110 Blake Lights\nPort Kelly\, AR 69183,New Theresa,82784
137,Alexandra Peters,8596 Horn Crest\nSouth Sheilatown\, HI 47474,Jaredview,41059
138,Justin Martinez,3400 Jose Lock\nLinton\, AL 81873,Lake James,56204
139,Katrina Salazar,6072 Moore Skyway Suite 197\nValenciaborough\, NJ 25070,Carterhaven,28517
140,Jesse Kelly,21041 Gabriel Neck Apt. 024\nColemanborough\, MA 04597,South Robert,63047
141,Lisa Hopkins,46582 Carol Inlet Apt. 963\nNew Biancaberg\, PA 12719,Paulville,51398
142,Elizabeth Day,32097 Hunt Cove\nNew Brian\, IN 70029,Mitchellshire,59584
143,Ann Soto,2673 Elizabeth Freeway Suite 868\nNew Lisa\, LA 54255,Tammyburgh,94255
144,Samuel Jenkins,348 Chen Spring Suite 112\nPort Teresa\, HI 95291,West Zoefurt,37024
145,Kyle Allen,0125 Elizabeth Extension Apt. 652\nRiveraburgh\, GA 90067,Millerland,91716
146,Denise Hill,60607 Christopher Alley\nDevonside\, CA 26757,Dakotaport,31221
147,Margaret Allen,Unit 5671 Box 0226\nDPO AE 69995,Reidfort,69715
148,Heidi Smith,23653 Dana Summit\nHallhaven\, HI 35154,Fosterborough,87829
149,Deborah Martin,1838 Michael Stravenue Apt. 282\nBruceshire\, IL 26751,East Marissa,14979
150,Patricia Watson,298 Walter Walks\nNew Gabrielleton\, NH 70014,West Elizabeth,63434
151,Clifford Meyers,68272 Williams Land Apt. 502\nMorganbury\, WI 71445,Port Joshuaton,79039
152,Krista Wells,48384 Gregory Lake Suite 449\nPort Samantha\, CT 30596,Lake Shannonside,54564
153,Duane Hahn,USS Wilson\nFPO AA 90832,Catherineberg,12854
154,Kimberly Aguirre,7854 Morrow Mission\nEast Samuel\, OR 96693,Lisaburgh,87262
155,Jasmin Miller,00181 Courtney Center\nNew Timothyfurt\, ME 45493,West Bradley,50726
156,Joshua Brown,6073 Wheeler Mountains Suite 339\nNorth Dianafurt\, NY 61973,Barryshire,30713
157,Ian Smith,13342 Macdonald Lake Suite 653\nSchultzburgh\, AK 84220,Caldwellfurt,45587
158,Paula Jefferson,18674 Brown Mount\nWest Michael\, UT 97852,Pruittton,94456
159,Amanda Fowler,184 Ryan Expressway\nPort Dennis\, OH 07769,Lopezchester,12322
160,David Murray,80072 Jimenez Keys Apt. 052\nHaynestown\, GA 88133,Jenkinsfort,67881
161,Monica Cobb,1599 Armstrong Hollow\nEast Catherine\, IL 16711,Cookton,24418
162,Stephen Foley,Unit 0522 Box 4374\nDPO AP 05638,Blakebury,80032
163,Melissa Barton MD,1270 Owens Rest Suite 299\nPort Angela\, DE 96002,New Shannon,41800
164,Amanda Williams,9577 Isaiah Forge\nScottfurt\, ME 24299,West Richardland,44063
165,Charles Myers,5003 Joseph Islands Apt. 182\nRobertsburgh\, MD 49753,Fernandezchester,91218
166,Samuel Shaffer,003 Mark Heights Apt. 911\nByrdburgh\, NY 37894,Smithland,52705
167,Christopher Hernandez,46781 John Ways Suite 086\nBellport\, RI 64517,East Brianhaven,59018
168,Joseph Freeman,28490 Ochoa Flat Suite 793\nLake Audreytown\, TN 40994,Port Bobbyhaven,91530
169,Michael Alexander,93020 Carter Estate Suite 627\nWilliamberg\, NM 64725,North Mariachester,85321
170,Tanya Chang,754 Denise Well\nNew Karenshire\, NY 95902,East Maryhaven,55818
171,James Howe,USNV Miller\nFPO AE 27309,Port Timothy,69648
172,Eddie Torres,828 Stevens Brooks Apt. 617\nEast Samuelstad\, SD 03390,North Thomasview,52999
173,Eric Smith,8886 Thomas Landing Apt. 524\nBarnettmouth\, NJ 23229,Robertborough,54511
174,Natalie Wiley,151 Henson Path\nWest Shawn\, TX 60593,Lake Manuel,55510
175,Julie Morrison,7138 Frey Turnpike Suite 102\nEllisville\, OK 68851,South Loriville,99657
176,James Collins,444 Ryan Run\nWilliamsonton\, KY 20875,Wolfeville,76557
177,Donald Porter,7696 Melanie Avenue\nNew Claireton\, VT 92792,East Williestad,83724
178,Hannah Davis,169 Catherine Burg\nNorth Kimberlyport\, UT 93885,Sandratown,60715
179,Monica Mendez,765 Amanda Extension Apt. 321\nLake Kimberly\, OK 50381,Rebeccaside,44972
180,David Bautista,170 Jackson Walks Suite 471\nWest Joseph\, SC 72712,Jonesburgh,34950
181,Cynthia Davis,47273 Jessica Villages\nKelleyhaven\, TX 04543,Ryanland,32794
182,Frederick Esparza,391 Mccarthy Square\nHolttown\, AL 83148,West Kathrynburgh,50197
183,Andrew Hill,USNV Kerr\nFPO AP 87900,North Marcus,07731
184,Amy Rogers,66955 Daniel Turnpike\nWest Eric\, DC 05955,Clintonside,43934
185,Nicholas Thomas,2808 Norris Stravenue Suite 888\nEast Zoeview\, CT 84989,Travisbury,19025
186,Charles Stafford,9346 Martinez Garden Suite 328\nPort Alexanderville\, NY 93218,Edwardview,33417
187,Matthew Cantrell,USNV Elliott\nFPO AA 33479,Weavermouth,90549
188,Dylan Soto,770 Cooke Springs\nLake Georgehaven\, NE 45849,Emilyburgh,36878
189,Selena Morton,077 Jenny Points Apt. 365\nEast Lisa\, TX 29091,West Hannahland,83186
190,Matthew Watkins,8636 Wiggins Garden\nTimothyshire\, NH 71654,Barkerbury,78414
191,Erin Jackson,3686 Mark Dam\nChelseafurt\, PA 09204,South Pamelaside,40541
192,Jason Sanders MD,9423 Bates Highway\nBarryshire\, NJ 96501,Foxfort,66095
193,Barbara Wagner,185 Angela Hill\nPort Robertview\, MA 02315,Kimberlyville,02653
194,Andrew Burns,Unit 2854 Box 0857\nDPO AA 68189,Boydfort,35365
195,David Williams,94288 Chloe Terrace Suite 392\nSouth Rodney\, NV 27699,Ambermouth,66481
196,Lori Roberts,136 Rice Knolls Suite 477\nBanksville\, MA 86792,Danielville,05925
197,Mary Mccarthy MD,35932 Elijah Courts Apt. 109\nElizabethbury\, ME 62231,Lake James,89683
198,Susan Hunt,4450 Cruz Ridge Apt. 391\nTaylorchester\, MN 93986,North Zachary,76177
199,Margaret Pena,0669 Patrick Meadows Suite 256\nJenkinsland\, OK 60250,Seanshire,73708
200,Lee Wilson,Unit 1782 Box 5182\nDPO AP 69726,Lake Justinside,11854
201,Autumn Coleman,PSC 2912\, Box 1040\nAPO AA 83315,West Kimberly,94624
202,Michele Shaffer DDS,597 Bush Spring Suite 375\nBrownview\, MN 58691,Evansmouth,21255
203,Laura Hawkins,3730 Garrett Plaza\nTaylorbury\, KS 77463,North Chad,62182
204,Matthew Jackson,USCGC Wang\nFPO AA 15926,South Daniel,62947
205,Johnathan Odonnell,61291 Berry Trail\nSouth Alexanderborough\, AZ 14922,Port Amanda,57814
206,Hector Davidson,USNV Robinson\nFPO AA 33709,Hollowayshire,30801
207,Catherine Brown,0105 Erickson Brooks Apt. 099\nWest Melaniemouth\, VT 96875,North Jamesstad,17730
208,Brittney Williams,6891 Contreras Estate\nStephaniemouth\, UT 13907,Cordovamouth,60179
209,Anthony Jordan,73188 Gilmore Cove Apt. 635\nWilliamstad\, WA 89564,Randallshire,52165
210,Samantha Thompson,5462 Smith Springs Apt. 724\nPort Rebecca\, KS 83635,Lisatown,07726
211,David Bush,27613 Morris Mountains Suite 147\nStewartmouth\, DE 65657,East Amyfort,92944
212,Marc Miller,3264 John Inlet Suite 605\nNew Erika\, TN 32867,Perrymouth,34922
213,Diana Newman,4351 Danielle Plain Apt. 535\nWest Patrick\, NC 51383,North Anthony,58795
214,Debbie Fuentes,51082 Fernandez Summit Suite 017\nNicholaston\, RI 84543,East Lauren,97828
215,Jake Fisher,8394 Stein Crescent\nNew Davidville\, MS 59001,Andrewburgh,48688
216,Karen Smith,8523 Valdez Square Apt. 483\nDixonmouth\, KS 10769,Marshallhaven,88189
217,Allison Johnson,8682 Adam Tunnel\nJustinchester\, GA 18119,Port Peter,69621
218,Michelle Ramirez,4994 Steven Tunnel Suite 929\nLake Karaburgh\, OK 66646,Cordovaton,01464
219,Frank Holmes,69702 Simmons Mills Apt. 132\nAshleybury\, KS 48731,Smithmouth,40484
220,John Hoffman,44499 Nicole Trafficway Suite 739\nCurtisbury\, WA 11122,South Christopher,35521
221,Ernest Bowman,7771 Billy Mews Apt. 590\nEast Chadville\, FL 28501,Novakberg,43719
222,Robert Martin,5475 Daniels Land Apt. 195\nRitterburgh\, FL 64460,Gentrytown,22666
223,Victoria Lewis,4666 Watson Parkways\nNew Lisaberg\, ID 72657,New Kathleen,09253
224,Elizabeth Leonard,363 Brenda Light\nJasonburgh\, AR 35821,Owensfurt,58410
225,Eddie Williamson,31813 Michael Harbor Apt. 129\nMaloneside\, KY 02088,Hendersonmouth,84346
226,Natasha Wilson,Unit 5877 Box 0921\nDPO AA 96073,Nicolemouth,11151
227,Robert Walker,7986 Wu Passage Apt. 154\nWeekschester\, MO 08000,Elizabethview,56933
228,Tiffany Beasley,594 Laura Lane Suite 134\nEast Tammyview\, NC 63238,Lewisberg,39964
229,Joshua Young,207 Tammy Points\nDouglasmouth\, UT 02756,Lake Sheilaburgh,92358
230,Mr. Michael Davis,4214 Travis Extension\nSmithside\, AK 67140,West Alexandertown,70545
231,Grace Charles,PSC 9449\, Box 2339\nAPO AP 85340,West Mistyton,41856
232,Travis Adams,278 Hansen Springs\nNorth Julieton\, NC 78731,Deleonstad,85717
233,Kimberly Schultz,41265 Spencer Alley\nSoliston\, MD 30614,New Ryanfort,22160
234,Virginia Wilson,USCGC Gilmore\nFPO AE 14198,East Donna,23170
235,Jose Olson,857 Suzanne Canyon Apt. 651\nLake Lucashaven\, WA 40093,East Jason,74233
236,Matthew Hayes,75850 Robinson Orchard Apt. 173\nBarkerstad\, NC 36029,Marybury,98780
237,Natalie Daniel,9125 Evans Cape\nRebeccaburgh\, NE 68834,West Vincentshire,55468
238,Darin Hansen,901 Alexander Drive Apt. 041\nPort Michael\, AK 51073,Melissafort,57288
239,Philip Phillips,873 Angela Drive\nKingchester\, DE 11685,East Christopherland,20522
240,Whitney Jordan,9016 Murillo Drives Apt. 376\nSarahstad\, CO 91010,Port Tony,96548
241,Justin Sullivan,15645 Johnson Lakes Apt. 187\nLake Joannaland\, KS 19895,Destinyshire,56518
242,Daniel Lopez,97290 Adams Loaf\nSouth Kristin\, CA 84883,New Christopher,82887
243,Christina Sullivan,63898 Castillo Hollow Suite 863\nCoxside\, IL 52891,Petersonberg,32348
244,Lauren Galloway,6421 Sherry Keys\nRonaldmouth\, DE 54841,Terryport,36916
245,Jamie Bowen,075 Beck Burg\nPaulside\, LA 87159,Westshire,82689
246,Courtney Kennedy DVM,211 Perez Trafficway\nStephenshaven\, CA 92514,Davidbury,01525
247,Kenneth Hernandez,1252 Nicholas Mills Suite 668\nWest Kimberly\, SD 03753,Brianmouth,54990
248,Wendy Porter,2210 Ryan Orchard\nLake Bryan\, OK 77716,Lake Christopherhaven,14009
249,Amanda Woods,Unit 0294 Box 5629\nDPO AA 39285,New Emmaside,98754
250,Kevin Freeman,215 Weaver Garden\nGonzalesstad\, MI 60426,New Chaseberg,66624
251,Anthony Gardner,65963 Christopher Gateway Suite 336\nBenjaminburgh\, LA 97933,East Williamton,68562
252,Kevin Lyons,21745 Christopher Port\nPort Joseph\, ID 22559,Benjaminville,21836
253,Julia Robinson,24043 Henry Manor\nNicholasfurt\, DC 85083,North Ryan,90427
254,Alexis Neal,32982 Allison Place\nLake Jenna\, VA 45704,Starktown,96086
255,Robert Elliott,190 Coleman Forks Suite 620\nEast Joseph\, ND 54421,Tylerberg,81228
256,Susan Lambert,3187 Smith Islands Apt. 218\nSouth Henrybury\, PA 76693,West Robertfurt,24518
257,Cynthia Fowler,54846 Baker Well\nRodriguezhaven\, HI 74762,Port Kelly,67149
258,John Atkins,1858 Smith Shoals Apt. 313\nNew Misty\, IL 76774,North Jefffort,88069
259,Meagan Roy,70569 Lang Locks Suite 771\nEast Ericbury\, UT 99829,West Jason,74561
260,Michael Saunders,409 Davis Bypass Apt. 036\nScottfurt\, MA 57541,Patriciaview,08826
261,Patrick Anderson,07441 Buckley Drive Apt. 155\nNorth Lisa\, KY 15498,North Kenneth,04416
262,Jesus Mendez,262 Jason Mission\nLake Robert\, FL 74830,Katherinetown,33538
263,Connie Small,PSC 1726\, Box 5315\nAPO AA 17042,Lake Dannyton,26294
264,Amanda Woods,393 Dickson Mountains Apt. 709\nJoshuatown\, LA 83475,North Kathrynton,81632
265,David Diaz,47816 Andrew Prairie\nThomaschester\, SD 69367,New Helen,60160
266,Casey Lee,7864 Parker Bridge Suite 581\nNatashastad\, ID 86776,West Scottstad,28065
267,Bruce King,934 Hunter Cove\nMartinezton\, VA 40082,Justinfurt,03316
268,Colleen Jennings,5103 Jesse Mill\nSheachester\, GA 74354,Chenchester,71015
269,Scott Cortez,490 Christine Stravenue\nTylerstad\, TX 77290,Crystalfort,05010
270,Kathy Johnston,06676 Nixon Lake Suite 356\nAtkinshaven\, IL 10135,Timothystad,74164
271,Lauren Castro,82061 Stuart Mount Suite 109\nNew Mirandaside\, FL 10846,East Erica,87729
272,Joseph Hensley,246 Mark Road\nPort Gabriel\, KY 56425,East Gary,83493
273,Stephen Gay,231 Watkins Path Suite 452\nSouth Brittany\, PA 75489,North Davidton,45369
274,Jennifer Bradshaw,690 Susan Light Suite 327\nPort Cory\, NE 83913,Hannahshire,69729
275,Devon Jones,643 Smith Forges\nSouth Danielhaven\, WV 27723,South Mallory,48280
276,Renee Perez,48202 Davis Shore Apt. 830\nNathanview\, CA 02606,Montgomeryborough,56776
277,Richard Navarro,1902 Kelly Place\nWest Keithburgh\, WY 41853,Saramouth,24798
278,Yolanda Bradford,756 Jonathan Dam Apt. 848\nJuliefort\, NM 85329,South Johnside,78918
279,Samuel Velasquez,USNV Holland\nFPO AA 97655,Port Stanleychester,84773
280,Courtney Jennings,6319 Stephen Glens Apt. 419\nEast Albert\, AZ 93602,New Johnton,54354
281,Frank Mora,74807 Mark Locks\nNew Derektown\, AL 07502,New Ashleyside,24944
282,Jamie Wiley,023 Wade Forges Suite 160\nEmilyborough\, WV 51319,Parkport,17703
283,Dennis Harrell,108 Green Station\nBoydmouth\, IL 61100,East Jorgemouth,19714
284,Samuel Andrews,1829 Gomez Walk Suite 015\nParkerchester\, SC 12924,Donaldstad,11573
285,Tiffany Watson,73824 Wallace Mountains Apt. 269\nPort Jeremyport\, WV 26737,Roseburgh,90126
286,Michael Miller,24239 Edwards Parks Apt. 698\nPort Katrina\, MT 42450,Travistown,61501
858,Victoria Ramirez,USNV Robles\nFPO AE 98181,South Jenniferbury,09148
287,Patrick Rivers,027 Leach Mall\nPort Eugene\, DC 34473,East Amber,34468
288,Veronica Maldonado,521 Gross Lake Apt. 803\nWest Lisa\, ID 48542,Oliverstad,70147
289,Alexander Flores,000 Benson Prairie Suite 357\nPort Brian\, CT 41841,East Brittanytown,87350
290,Taylor Davis,752 Christopher Trail\nSteventown\, KY 49541,Marieport,15023
291,Craig Rodriguez DDS,339 Samuel Spurs\nGardnerport\, DC 75212,New Linda,80667
292,Mitchell Perry,6222 James Square\nWalkerside\, MA 72458,Whiteview,64055
293,Christian Singleton,12598 Liu Trail Suite 628\nNorth Heatherfort\, RI 48132,North Autumnborough,49267
294,Kathy Taylor,506 Bailey Extensions Suite 634\nNorth Kevinport\, WY 97871,Rogerston,17087
295,Heather Garner,486 Jones Court\nWest Eric\, RI 92798,West Charlestown,59244
296,Jose Anderson,2566 Bailey Key Suite 291\nRobertview\, ME 09025,Paulport,51866
297,Chad Robinson,73757 Melvin Manor\nWest Michelle\, MD 27905,Bretthaven,41922
298,Shelley Jacobson,21556 Hill Circles\nBrianburgh\, VT 97346,Wilkersonville,60472
299,Beth Curtis,4562 Christopher Keys\nJosephshire\, HI 53890,West Denise,12238
300,Hannah Johnson,66718 Terrance Glens\nDonnaburgh\, TN 05067,Port Curtis,63449
301,Jessica Moore,56582 Thomas Isle\nPort David\, MA 51623,East Matthewville,55660
302,James Tucker,51646 Stanley Square\nOlsonmouth\, AZ 72636,Carolfort,44611
303,Jordan Perry,89484 Sanford Camp Suite 515\nEast Karenstad\, PA 46612,North Charlottechester,52003
304,Zoe Moore,58024 Wright Prairie Suite 899\nPort Jessica\, PA 19304,Joshuachester,88897
305,Austin Vasquez,426 Lewis Mountains Apt. 940\nPort Kathy\, WA 50997,New David,82253
306,Robert Bishop,726 Robert Ramp Apt. 389\nStephaniefurt\, MS 74848,Port Michelle,08760
307,Vincent King,7090 Dean Ports\nPort Jasmine\, CA 23861,Christopherberg,74396
308,Amanda Daniel,14563 Warren Turnpike Suite 841\nNew Jennifer\, WY 91101,East Sethhaven,80459
309,Jamie Collins,0082 Alison Estates Suite 830\nPort Leslie\, AZ 90164,Williamstown,92556
310,Jared Mayer,321 Richard Springs\nPort Christian\, NC 10466,Myersfurt,42020
311,Ann Bishop,2124 Charles Glens Suite 751\nMariamouth\, NY 45106,Lake Georgeville,63789
312,Mr. Russell Williams DDS,2449 Villanueva Inlet Apt. 780\nLake Roberthaven\, WY 30249,Nelsonton,87272
313,Sue Valencia,9659 Jones Shoals\nLake Aaronshire\, TN 14162,Hurstborough,27196
314,Marie King,573 Kennedy Roads\nEast Taylor\, MD 39882,Port Stephen,95023
315,Chad Randall,070 Ross Fords Apt. 081\nEast Victoriafort\, KS 37427,East Bryan,03611
316,Gerald Villa,43858 Griffith Skyway\nRomerobury\, TN 69205,Lake Nicholasfurt,53984
317,Courtney Williams,9196 Kimberly Shoal\nRobinsonburgh\, IL 89628,Kingshire,11361
318,Michael Smith,4487 Clark Streets Suite 936\nNorth Kennethshire\, AZ 71048,Snydertown,16220
319,Wanda Hall,6499 Gina Dale Apt. 971\nRussellhaven\, MT 74208,East Nataliestad,15685
320,Linda Brown,518 Andrea Motorway\nRodriguezhaven\, SD 14900,Lloydmouth,06743
321,Mark White,9450 West Skyway Apt. 266\nClarkfurt\, WI 55695,West Randyshire,17785
322,Andrew Sanders,30059 Craig Spurs\nSouth Anthony\, AZ 82913,Millerton,64979
323,Lauren Johnson,4143 David Cliff Suite 132\nLake Sandra\, UT 39676,Odonnellbury,90294
324,Tamara Campbell,USNV Duffy\nFPO AA 71889,North Jessicafort,25942
325,Derek Foster,PSC 4632\, Box 4754\nAPO AP 80221,Heidiside,40451
326,Tammy Crawford,949 Murphy Row Apt. 752\nSouth Soniamouth\, AK 11855,South Matthew,39301
327,Andrew Stewart,904 Robinson Garden\nNew Marcia\, TN 45975,Lake Jessicatown,47139
328,John Lindsey,9169 Mcintyre Green Suite 868\nWest Maryfort\, FL 92927,West Kendraview,24388
329,Angela Schultz,19778 Griffin Isle Apt. 444\nPort Brittany\, LA 88635,Harrisonberg,75307
330,James Marshall,98107 Jessica Ferry Apt. 374\nMorenochester\, KS 34700,Josephberg,81332
331,Vanessa Oneal,676 Knight Courts Suite 294\nLake William\, CT 99867,Mendozatown,51043
332,Lauren Alexander,0443 Steven Lake Apt. 491\nGloriafurt\, PA 18809,Lake Anthonyshire,20482
333,William Marquez,Unit 0427 Box 3467\nDPO AP 29917,Lake John,51486
334,Breanna Woods,224 Morales Key\nLake Kevintown\, NJ 16079,East Makayla,22124
335,Bradley Hammond,71923 Mitchell Islands Apt. 299\nWagnermouth\, AZ 69207,West Ashley,04172
336,Shannon Berry,1105 Denise Corner\nKevinland\, DC 85258,North Carlosmouth,92057
337,Jennifer Ray,95286 Jones Falls Suite 840\nPort Brianville\, FL 57279,West Carolmouth,38515
338,Paula Mcdonald,2970 James Forges Apt. 579\nEast Misty\, NH 11964,West Johnchester,22395
339,Roger Anderson,0964 Boyd Points Apt. 666\nWest Stephenhaven\, OK 59074,North Samuelton,10137
340,Gregory Barrera,7594 Lisa Skyway\nJaychester\, OR 89212,West Allison,11604
341,Michele Gallegos,9332 Dana Viaduct\nStephensmouth\, CT 10280,Joebury,71167
342,Ashley Wallace,471 Williams Motorway Suite 293\nNancyview\, VA 52782,Paulfort,98684
343,Edwin Jackson,063 Palmer Trafficway\nPort Ricky\, WI 87062,Port Jimmy,53313
344,Andrea Walker,36379 Shannon Locks\nDavidbury\, NJ 98719,East Angelaside,39802
345,Charles Mccullough,Unit 8776 Box 2451\nDPO AE 29795,North Cassandra,55075
346,Karen Smith,94535 Young Oval\nWest Colin\, MI 46260,Port Elizabeth,45525
347,Carrie Smith,229 Roberts Crossing\nPort Thomasville\, IL 54993,Andersonberg,95061
348,Diana Carr,4303 Webb Point\nLake Johnfort\, RI 34849,Donaldmouth,82272
349,Jason Lindsey,338 Sandra Pass\nPort Nicoleton\, MD 39221,Port Christopher,49350
350,Jamie Morales,4906 James Valley\nObrienchester\, NV 07595,Kristinfurt,75459
351,Brendan Lewis,50317 Brown Valleys\nLake Leonard\, DE 77567,Garzashire,74753
352,Chad Bailey,27888 Baker Ramp Apt. 309\nWest Stacey\, WY 81959,South Kenneth,23961
353,Jordan Lucero,8850 Rhonda Circles Suite 284\nRyanmouth\, IA 14303,Lake Brandonbury,13893
354,Ronald Calderon,6431 Chandler Haven Suite 204\nSummerschester\, WI 96288,South Zachary,03112
355,Nathaniel Curtis,9941 William Lake Apt. 743\nBrownside\, VT 60856,New Ruthburgh,32660
356,Kari Nichols,3059 Miller Crossroad Suite 130\nParksbury\, NV 08843,Stewartfurt,34627
357,Ashley Hernandez,53072 Calhoun Forest\nSouth Michelle\, NV 12041,Lake Lisaborough,98296
358,Christopher Harris,PSC 8586\, Box 4220\nAPO AA 23963,West Cherylburgh,05628
359,Carl Howard,696 Lori Garden\nJoannachester\, GA 78994,Lake Annemouth,87025
360,Michael Velez,67060 Hill Creek Apt. 471\nJenniferstad\, CA 78420,Perkinstown,13441
361,Gabrielle Lopez,9061 Murphy Prairie Suite 995\nWest Davidfurt\, WI 68564,Morganmouth,36379
362,Michelle Duncan,316 Joshua Ports\nMitchelltown\, LA 37097,Heatherchester,48680
363,Kelly Melton,43861 Jason Fork Suite 697\nWest David\, WA 41629,Williamsview,70006
364,Christina Gibson,105 Graves Springs\nNorth Jasonhaven\, KS 79148,Owenshire,30711
365,Erica George,8700 Matthew Locks Apt. 753\nEast Wanda\, DC 71434,South Geraldville,03890
366,Nicole Thompson,965 Matthew Mission Apt. 294\nEast Shannonborough\, KY 61053,Caldwellchester,41700
367,Amanda Pollard,22746 Yolanda Highway\nLake Catherineland\, IA 98240,West John,44597
368,Michael Suarez,383 Scott Estate\nSouth Bobby\, NV 88151,New Jackberg,24450
369,Dawn Harris,69883 Brian Neck Suite 594\nNorth Daniel\, KS 69639,Adamtown,76421
370,Karina Myers,66472 Mark Meadow\nJamesshire\, AZ 86085,West Kristen,92184
371,Rachel Brown,674 Marsh Track Suite 391\nEast Michael\, CO 25220,East Gina,80575
372,Roy May,938 Mccoy Flats\nWest Matthew\, PA 67105,Tanyaport,98915
373,Emily Dillon,0914 Hendricks Track\nDenisehaven\, ID 25455,Davisshire,09174
374,Diane Mendoza,9888 Edwards Stravenue Apt. 752\nDavidchester\, OH 63208,Sallyside,95922
375,Marcus Hall,37917 Jane Mews Suite 706\nNorth Michael\, NH 59008,Joshuaville,32409
376,Christine Estrada,55186 Kimberly Mountains Suite 628\nNorth Bradley\, GA 54383,Christinafurt,44313
377,Tasha Bender,PSC 4945\, Box 2533\nAPO AA 18795,Lake Andrew,33351
378,Jeffrey Stone,941 Perry Villages Suite 479\nMelaniefort\, ND 15559,Danielview,50674
379,Wendy Lewis,8947 Casey Ferry Suite 678\nJoshualand\, ID 48862,North Seth,76148
380,Jacob Allen,38060 Jennifer Crossroad Suite 473\nNicholasville\, ME 92580,New Sarah,96862
381,Kari Carrillo,05883 Hannah Lock Suite 665\nTroyview\, WI 90647,Vincentton,26268
382,Cindy Rice,654 Timothy Mountain\nChristinastad\, CO 52422,Daniellefort,09976
383,Kevin Wilson,231 Anna Village Apt. 211\nDavidtown\, AZ 47833,East Valeriebury,03528
384,Eric Marshall,0157 Aguilar Summit\nPort Josephburgh\, AL 49267,New Katrina,00952
385,Wanda Williams,48666 Love Inlet\nMosleybury\, AL 43311,Karenshire,95523
386,Kathy Dillon,72994 Nancy Pines\nHughestown\, IA 97760,Port Amber,67271
387,Joseph Johnson,431 Eileen Club\nLake Brittanystad\, ID 15654,Smithberg,66534
388,Donna Dennis,987 Karen Ferry Apt. 105\nNorth Chris\, NM 92702,New Stephanieborough,98866
389,Alex Monroe DDS,USS Horton\nFPO AA 06136,Laurenhaven,36228
390,Jessica Vasquez,1886 Valerie Course\nJustinville\, IL 47342,Port Stephanie,49314
391,Rachel Andersen,USNV Garcia\nFPO AA 61554,Lopeztown,19976
392,Amanda Patel,30845 Little Place Apt. 152\nWest Henry\, DC 44045,New James,15442
393,Steven Thomas,232 Cook Turnpike Suite 262\nMillerland\, TN 96984,New Samantha,49969
394,Bridget Jones,011 Sara Parkway Apt. 676\nTownsendchester\, IN 03154,Lake Christopher,54593
395,Julia Lewis,919 Christopher Station\nPort Austin\, WV 05113,West Richardton,21518
396,Mark Brennan,378 Ashley Wall\nGreentown\, CO 49105,Brettton,78384
397,Jonathan Doyle,80231 Kevin Haven Apt. 681\nJenniferton\, NM 62576,Kellyshire,22330
398,Alexander Cruz,29064 Jeremiah Divide\nEstradastad\, MN 34866,Adamsport,95031
399,Johnny Morris,71574 Wu Junction Suite 975\nLake Jenna\, LA 08711,Lake Logan,87669
400,Jack Medina,2130 Susan Pike Suite 560\nCarneyton\, VA 42410,South Tiffanyhaven,50682
401,Jimmy Lewis,6387 Poole Lodge\nThompsonview\, OK 59480,West Daniel,07009
402,Janice Knight,485 Barrett Creek\nJohnsonton\, CO 87249,Port Sierra,86971
403,William Snyder,05340 Tammy Harbors Suite 503\nSouth Ralph\, NJ 16695,New Cynthia,66957
404,Janet Long,219 Fisher Springs Suite 292\nPort Fernandoborough\, PA 98806,Port Christinachester,91331
405,Marcus Johnson,USS Lewis\nFPO AE 14195,Jaredfort,74972
406,Eric Lopez,885 Steven Alley Suite 951\nSmithville\, ND 97747,Hartmanville,52298
407,Michael Anderson,552 Chelsea Land\nPort Debbiestad\, KS 89687,Williamsport,14121
408,Henry Waller,93229 Compton Prairie\nLake Austintown\, OK 33194,West Kevin,83637
409,Christopher Lewis,699 Bennett Vista\nJoshuatown\, AZ 83023,Brownshire,54256
410,Joshua Moyer,USCGC Meza\nFPO AA 29505,Port Cheryl,28215
411,Elizabeth Mitchell,26226 Jenna Grove\nChristinestad\, VT 47609,Carneyhaven,17187
412,Dana Foster,4176 Nelson Falls Apt. 101\nLake Angela\, WY 93136,Wilsontown,01175
413,Veronica Andersen,151 Hale Cliffs Suite 531\nKarenberg\, VA 65147,Mathisport,70992
414,Ann Russell,Unit 2526 Box 8542\nDPO AE 16644,Kennedyland,42690
415,William Herman,2705 French Viaduct Apt. 261\nFordville\, IA 19784,Bartonland,88815
416,John Welch,1286 Guerrero Center\nWest Richardmouth\, WV 38206,Port Edwardfort,96693
417,William Gordon,701 Michael Circle\nPort Melissachester\, KS 08970,Amystad,71506
418,Kimberly Dorsey,206 Williams Throughway\nWeissfurt\, NJ 17570,East Michellestad,54761
419,Tyler Brown,7290 Montes Plaza\nPhillipsmouth\, OH 45964,Singhview,39348
420,Katherine Ruiz,7516 Brady Skyway Apt. 975\nNew Marybury\, IL 60161,South Tammy,00906
421,Kyle Carrillo,0950 Miller Points\nDayton\, MS 44467,Hendersonberg,50588
422,Keith Padilla,7680 Matthews Villages\nNew Richardborough\, NJ 24923,Lake Jose,80881
423,Stacy King,6586 Kelley Lodge\nPort Todd\, KS 27338,Mitchellbury,78104
424,William Johnson,91241 James Row Suite 627\nStevenshaven\, WY 19313,Connerstad,88824
425,Leslie Lee,389 Fields Road Apt. 893\nSheltonland\, TN 12030,Lake Brookeborough,71620
426,Joshua Wallace,94626 Miranda Wall\nAaronmouth\, MI 37603,Hallchester,41237
427,Robert Thompson,4976 Brian Mall\nKyleview\, VA 85388,Leonardtown,61364
428,Carlos Herrera,90107 Gonzalez Mills Suite 569\nAndrewsmouth\, CO 03205,Port Alexa,93451
429,Jacqueline Everett,12573 Danny Brooks Suite 761\nNorth Jefferyview\, IA 59421,Ramseyview,75192
430,Bobby Alexander,85212 Haley Ranch Apt. 191\nHesterburgh\, AZ 37946,North Nichole,69001
431,Amanda Stewart,3960 Ryan Station Apt. 888\nSouth Erin\, NC 22008,West Mollyland,19914
432,Ryan Green,000 Sullivan Pines Apt. 028\nDerrickview\, MA 76617,New Shannon,41123
433,Thomas Stanley,6036 Thompson Crescent Apt. 377\nNew Lisaland\, FL 63344,West Ashleychester,23600
434,David Mullins,Unit 1732 Box 0902\nDPO AP 93665,Hernandezborough,16975
435,Oscar Dixon,531 Kathy Route\nKevintown\, IL 68942,West Luisville,45094
436,Brandy Humphrey,884 Kelly Lane Apt. 239\nSergiofurt\, ND 08872,New Nathanton,88814
437,Hannah Sparks,71407 Hannah Mountains Apt. 816\nRobertmouth\, MO 91048,Dannyberg,41051
438,Michael Harris,61602 Waters Greens\nMargaretfurt\, NE 04133,East Richard,35429
439,Megan Miller,295 Foley Locks\nNew Aaronmouth\, MS 07576,Sharonstad,37725
440,Justin Quinn,72677 Wilson Village\nSouth Karenfort\, TX 99325,Jenniferton,54443
441,Karen Hayden,829 Ramirez Junction\nAmberbury\, GA 41862,Reedshire,32773
442,Jenna Reyes,USS Edwards\nFPO AP 45921,Roberthaven,38092
443,Robert Alexander,4817 Marc Manors Apt. 147\nNorth Douglasshire\, GA 10865,East Samuel,16240
444,David Bailey,41740 Jones Manors Apt. 793\nNorth Richardmouth\, GA 37560,New Andreafort,18583
445,Amanda Buchanan,06045 Suzanne Mews Apt. 603\nBellview\, DC 62980,New Trevorland,91171
446,Pamela Hicks,5501 Young Vista Suite 412\nNew Juliabury\, VA 70377,North Derrickville,82101
447,Joseph Anderson,08996 Anthony Freeway Apt. 768\nNorth Kathyburgh\, OK 84489,Michaelshire,82252
448,Franklin Khan,79782 Lane Haven\nMcculloughmouth\, KS 41067,North Daniel,64724
449,Jeffrey Chen,Unit 5407 Box 5178\nDPO AE 10907,North Alexandra,22486
450,Charles Anderson,25885 Patrick Keys\nCooperfurt\, MA 36528,Amandaside,02272
451,Tony Peterson,379 Lori Knoll\nPort Sarahport\, VT 91421,Port Richardland,13540
452,Tyler Peterson,3793 Meredith Pike\nNew Joelfort\, DE 79001,Lewisburgh,32163
453,Gary Ramsey,706 Bond Inlet Apt. 769\nDiazbury\, LA 26945,Lake Toddville,94928
454,Robert Nolan,397 Hall Courts\nConnorville\, AZ 55900,South Gregoryview,82176
455,Logan Neal,60134 Garner Junctions Apt. 312\nPort Jaclynville\, ND 74100,East Carla,36090
456,Marissa Diaz,96992 Copeland Shores Apt. 830\nThomasbury\, PA 55349,Lake Peter,75154
457,Michael Carter,40604 Tonya Shoals Suite 875\nWest Mary\, KS 87358,East Carlos,66264
458,Joseph Wilson,2223 Hines Centers Suite 367\nHarrisport\, OR 85615,Port Ericberg,05602
459,Travis Harrell,2465 Sanders Lake Apt. 220\nSouth Marissamouth\, KS 99390,South Amy,28769
460,Jill Hill,PSC 7490\, Box 2438\nAPO AA 86101,North Shelly,80370
461,Robert Barker,59796 Nancy Pass\nHallview\, AL 82662,Lynnmouth,57220
462,Sharon Thomas,43385 Grimes Courts Apt. 773\nLake Michaelbury\, WI 35611,East Maria,77976
463,Maria Matthews,7547 Murphy Lake\nAngelaborough\, WA 48604,Meganshire,60780
464,Randy Cervantes,780 Kristin Lake Apt. 220\nSouth Erika\, NC 69566,Crystalshire,33614
465,Paul Bennett,3122 Susan Falls\nJohnberg\, AL 24389,Jacobstad,27840
466,Keith Miller DVM,9575 Travis Skyway Apt. 210\nSotoborough\, AK 56581,South Aaronland,36626
467,Amy Townsend,3419 Acevedo Road Suite 879\nEast Michele\, MT 77962,North Stephanieland,67027
468,Katherine Mathis,38363 Ricky Lane Apt. 245\nJacobsborough\, TN 97459,North Matthewbury,06205
469,Matthew Mcintyre,546 Ricky Forge\nKevinfurt\, AZ 44785,New Jessemouth,84462
470,Michael Miller,50411 Koch Ramp\nWest Elizabethstad\, CT 18367,Jamesmouth,43817
471,Amber Ryan,USNV Ellis\nFPO AA 11073,Port Donna,99926
472,Michael Curry,00884 Valenzuela Spring Apt. 847\nColleenborough\, MT 11212,Schmidtchester,40236
473,Derrick Lopez,966 Sanchez Cliff\nPaulatown\, WV 38424,South Jennifer,08518
474,David Rojas,5985 Jon Track\nMaryport\, MD 88026,Andrewburgh,56117
475,Patricia Reyes,86584 Scott Islands Apt. 375\nEast Jacob\, KY 09677,Patelbury,95449
476,Brandon Jimenez,21058 Patricia Mission\nPort Amandaberg\, FL 58769,Lake Rebeccaton,61287
477,Scott Bryant,2169 Murphy Courts\nLucerobury\, WI 71828,West Eddiebury,12027
478,Andrew Miller,161 Spencer Spring\nWest Teresaport\, ME 47859,North Amandastad,40164
479,Christopher Mendoza,7434 Lopez Ports\nPort Edwinside\, MI 90601,Danielleland,34754
480,Malik Cruz,23422 Rebecca Lodge Suite 145\nKelseyshire\, UT 16327,Goldenton,65792
481,Brittany Garcia,PSC 6907\, Box 6544\nAPO AP 10159,Phillipsstad,41057
482,Paul Berger,139 Julie Freeway Apt. 881\nPort Gary\, TX 63766,East Leslie,93585
483,Stephanie Hughes,Unit 5907 Box 7590\nDPO AE 04293,Williamsland,93402
484,Michael King,64780 Renee Cape\nChristopherview\, ME 96132,Andersonbury,35192
485,Megan Rosales,23651 Hudson Harbor Apt. 874\nNew Robert\, OR 82233,Montoyaton,39784
486,Stephanie Kim,PSC 5408\, Box 1893\nAPO AE 14068,Kathleenview,21762
487,Anna Rodriguez,5469 Jonathan Divide\nChristianstad\, NV 83904,North Alexandertown,17136
488,Courtney Mathis,616 Parsons Centers Apt. 486\nEast Ronald\, IN 58799,Connerbury,48845
489,Stacey Johnson,USNS Ryan\nFPO AA 52571,Guerreroton,30731
490,Austin Conway,75204 Sandra Trail Apt. 324\nBakerchester\, MT 12466,New Christyberg,91079
491,Heather Miller MD,936 Garcia River\nJosephmouth\, NV 75342,Roberthaven,55536
492,Kelly Rasmussen,24623 Erik Plains\nLake Daniel\, RI 53176,Huberfurt,56978
493,Randall Jones,07336 Elizabeth Extensions Apt. 683\nHillview\, NV 74812,East Emilytown,99106
494,Peter Jones,7863 Robert Hollow\nEdwinfurt\, UT 66364,Chavezville,26899
495,Wendy Brown,814 Richards Prairie\nDurhamhaven\, NE 60199,Evanside,91521
496,Jacob Harris,0453 Caldwell Trail Suite 604\nWest Jenniferberg\, LA 51073,East Justin,50964
497,Andrea Benson,4097 Curtis Trail Apt. 081\nRobertbury\, MI 35552,Joshuaberg,09844
498,Brittany Johnson,9853 Wayne Groves Suite 049\nEvanfort\, MO 49547,Port Brenda,08698
499,Diamond Gonzales,185 Danielle View\nPort Emily\, TN 59692,Simpsonhaven,82236
500,Joseph Howard,888 Cynthia Crossroad Suite 241\nKellerville\, NY 70175,Christinatown,16895
501,Scott Sullivan,73060 Whitney Estate Suite 480\nWilliamfort\, MI 65000,Wilsonstad,98024
502,Mario Tucker,2889 Anderson Vista\nPort Luisfurt\, NJ 01565,Lake Ashley,86460
503,Amber Silva,694 Hernandez Street Suite 635\nDavisfurt\, NV 64985,Lake Bradleyfurt,01009
504,Lisa Cooper,5007 Donna Expressway\nWest Matthewfurt\, NM 06055,Port Jonathanberg,99789
505,Matthew Meyers,6434 Melissa Stream Suite 908\nNew Stephentown\, OH 55777,South Hunter,20066
506,Christopher Smith,448 Brian Mountain\nBeckymouth\, WY 53799,Woodschester,74719
507,Kimberly Turner,74362 Cheryl Ramp\nWest Michaelhaven\, CT 82809,South Melissa,95235
508,Kirk Jones,Unit 8183 Box 9431\nDPO AP 23841,Mathewsburgh,68256
509,Nathan Santiago,USCGC Morrow\nFPO AA 49081,South Timothy,54953
510,Alexa Patton,2806 Sanders Estates Suite 766\nChrisburgh\, OR 45541,Carlafort,90331
511,Derrick Irwin,9845 Ronald Isle Suite 857\nSarachester\, CA 29035,Port Courtney,22697
512,Paula Lee,4966 Ana Fort\nNorth Nathan\, HI 03535,Willisview,87319
513,Theodore Ford,USNV Yang\nFPO AP 45055,Ingramberg,31704
514,Mr. David Mercado PhD,0907 Amanda Island Apt. 198\nMichelleton\, FL 68769,Port Paulaville,23616
515,Brett Harris,4035 Wells Points Suite 741\nEast Christopher\, OR 01188,Aprilport,81498
516,Rachel Ramos,71183 Elizabeth Underpass\nJonesside\, UT 53861,New Tammy,53838
517,Veronica Gonzalez,2630 Delacruz Village Suite 145\nSouth Jessicaton\, MI 34071,South Maria,98254
518,Carol Dixon,48520 Jones Lock\nPort Gregoryshire\, PA 49868,Ambermouth,92954
519,Theresa Roberts,1879 Kristen Path\nPort Matthewburgh\, WA 80096,New Cynthia,53605
520,Thomas Chapman,99875 Kevin Points\nErinhaven\, FL 23481,West Emma,56494
521,Allison Baker,USNV Suarez\nFPO AP 42158,North William,45810
522,Lisa Davidson,243 Ward Spring\nWilliamsshire\, MI 72623,Geraldburgh,85541
523,Kelly Wagner,91587 Palmer Island Suite 297\nSouth Robertside\, IL 47003,Lake Kristy,24505
524,Amanda Harrison,721 Cervantes Prairie\nHowardfort\, CA 39690,Davidmouth,30941
525,Jennifer Cisneros,23462 John Lodge\nPort James\, IN 42574,Julieton,66324
526,Sandra Carr,05712 Jones Harbors\nPort Heatherfort\, WV 40095,North Michael,72534
527,Jesse Hall,62127 Nicholson Pass\nTaylorview\, TX 32326,West Jimfurt,23537
528,Anthony Rose,38494 Corey Causeway\nAudreyhaven\, AZ 66109,Greenshire,69199
529,Christian Zuniga,68276 Michelle Lane\nEast Elaineberg\, SD 48604,North Kellyshire,39520
530,Dana Schwartz,8580 Edward Crest Apt. 327\nNorth Joseph\, KY 74465,Joshuaville,02115
531,Andrea Campos MD,64347 Romero Mission Apt. 581\nPort Stephaniestad\, WV 28832,Lake Cody,22741
532,Cynthia Perez,583 Gutierrez Meadows\nLake Brianbury\, OK 65583,Port Bryanhaven,20239
533,Jennifer Shaw,30749 Wang Isle\nHudsonmouth\, NH 18841,Lisaside,19939
534,Rachel Acosta,90825 Michelle Way Apt. 019\nJohnmouth\, MN 08639,Jonesstad,25088
535,John Barron,1158 Scott Walks Apt. 594\nShahville\, LA 28714,New Kellyburgh,53371
536,Adam Willis,40041 Dickson Inlet\nNorth Theresa\, OH 29767,Kathymouth,88693
537,Dillon Holden,50584 Dustin Dale\nPerryfort\, DC 28086,Port Justin,91991
538,Jason Baker,9328 Martinez Place\nWest Dale\, IN 79657,Jenniferfort,74472
539,Christopher Brown,01675 Gilbert Junctions Suite 168\nNorth Derek\, SC 09647,Port Erinshire,10865
540,Cory Smith,503 Adams Brooks Apt. 580\nSophiafort\, WV 06996,West Barbara,13419
541,Jordan West,Unit 7208 Box 5078\nDPO AP 70473,Monroeberg,23242
542,Autumn Rose,673 Abigail Corner\nJamesville\, NH 91407,North James,71123
543,Anthony Wilson,0454 Shawn Mountain\nEast Brenda\, NM 62481,East Brad,05272
544,Christopher Porter,009 Gonzales Burgs Suite 951\nNew Richardside\, GA 06058,Adamberg,43701
545,Michael King,PSC 0980\, Box 8686\nAPO AP 48100,Vargaston,14117
546,Elizabeth Jennings,261 Linda Viaduct Apt. 870\nNorth Doris\, WA 78224,Ewingside,21697
547,Adrian Willis,6344 Thomas Turnpike Suite 911\nNew Nancymouth\, AZ 04722,Osborneberg,51454
548,Danielle Murphy,PSC 4590\, Box 9505\nAPO AA 62398,North Sydney,91199
549,Rose Lloyd,7896 Kirk Falls\nPort Normanside\, MN 25925,Evanmouth,00822
550,Kevin Cantu,8615 Linda Cove\nEast Zacharyshire\, HI 73210,Joside,33663
551,Eric Brooks,4309 Thomas Point Apt. 233\nSabrinamouth\, OR 71642,Helenport,90961
552,Chelsea Hawkins,79976 Ruiz Prairie Apt. 689\nNorth Helen\, DE 26019,Gonzalezstad,70234
553,Jared Wood,82736 Erin Fords Apt. 742\nLake James\, WI 31020,East Sandra,39311
554,Hunter Miller,242 Mack Ways Apt. 624\nEast Paulfort\, KS 71442,Whiteton,84159
555,Jennifer Tate,USNV Walker\nFPO AE 84783,Scottside,15640
556,Matthew Morrison,167 Brittney Lights Suite 703\nSouth Ana\, ID 39520,West Maureenberg,62555
557,Lisa Roberson,97505 James Shores Suite 175\nPattersonview\, WI 21811,North Sarafurt,38165
558,Samantha Schmidt,19399 Autumn Rest\nZacharyfurt\, PA 47968,South Lacey,89729
559,Michael Lopez,48322 Jay Run\nBrooksmouth\, GA 70996,West Michaelport,55775
560,Austin Steele,1788 Johnson Prairie Apt. 787\nEast Tracy\, LA 06760,Lake Isabellabury,32508
561,Edgar Lopez,58525 Ellis Oval Apt. 926\nNorth Tracey\, NY 05162,Hillmouth,34574
562,Courtney Rogers,882 Mitchell Street Suite 180\nEast Erinshire\, DE 10115,Dannychester,34013
563,Amanda Newton,636 Michael Avenue\nHernandezmouth\, ME 87067,Vincentchester,87217
564,Elizabeth Good,938 Stacey Cape Apt. 162\nLake Richardview\, MD 80183,South Jennifer,77518
565,Erica Williams,67177 Massey Highway\nCarrbury\, NJ 62668,Port Brianbury,52859
566,Ryan Davis,26198 Gordon Mountain Apt. 909\nNorth Jessicaton\, PA 92498,East Lynn,54783
567,Eric Johnson,83226 Bauer Rapids\nWest Michaelton\, WV 54903,Johnview,19179
568,Karl Summers,85846 Hebert Underpass\nNew Brianville\, RI 19236,Smithville,60743
569,Julie Leblanc,8512 Thomas Pines Suite 984\nEast Albert\, ND 62093,Douglasborough,71501
570,Daniel Jones,Unit 0781 Box 8981\nDPO AE 92461,New Gregorychester,39713
571,Cheryl Morgan,93016 Paula Village\nWilliamschester\, OR 32233,Cassandraview,70489
572,Mr. Thomas Cruz Jr.,7787 Jaime Plains Suite 995\nSouth Michaelland\, DC 29499,Gabrielstad,91450
573,Michael Hunt,702 Edward Knolls Suite 328\nSouth Brandon\, CO 17013,Delgadofurt,35442
574,Linda Walker,348 Mason Fort Suite 241\nLake Stephanie\, WY 04033,East Carl,75531
575,Jeff Mitchell,59953 Smith Parkways Apt. 736\nFergusonfort\, CA 11421,Lake Roberttown,72938
576,Scott Sanchez,651 Steele Passage Apt. 618\nRiceborough\, MA 70980,South Jessicaland,75645
577,Scott Barrera,54206 Hughes Springs\nEast Codychester\, TX 64688,New Stephenshire,92578
578,John Carlson,353 Adam Neck\nBaxterton\, WY 38748,Ayalachester,48027
579,Stacey Clark,PSC 8168\, Box 7736\nAPO AP 72597,South Danielchester,99204
580,Marcus Sparks,4684 Matthew Lake Suite 343\nSouth Amy\, ND 83672,Jonestown,66869
581,Ashley Velazquez,4382 Jennifer Roads Suite 544\nSouth Rhonda\, MI 20856,Ashleyfurt,78476
582,Kelly Conley,USNV Ortiz\nFPO AP 34404,Lake Jessica,13407
583,Thomas Johnson,4829 Hernandez Pass\nSouth John\, MO 08117,Travisstad,47489
584,Tyler Payne,100 Jonathan Alley\nMasonview\, IN 26906,Robertstad,59114
585,Carol Mcguire,7455 Mcintosh Common Suite 751\nLake Holly\, IL 65952,New Richardland,16761
586,Sabrina Blair,Unit 4784 Box 2775\nDPO AP 88593,North Candice,25735
587,Kirsten Jones,5476 Davis Trafficway\nPort Ronaldside\, NE 24961,Lake Douglas,21411
588,Jennifer Johnson,552 Susan Field\nIanchester\, ME 74827,South April,14717
589,John Moore,53191 Lewis Centers Suite 366\nJamieshire\, NM 18278,Lake Charlesmouth,88284
590,Mary Everett,346 Larry Drive Suite 476\nSouth Gary\, IN 26755,South Michealmouth,52334
591,Jeffery Brown,96709 Jackson Mission\nLake Christopher\, SC 57173,Brownberg,66686
592,Cody Delacruz,2114 Thomas Corners Apt. 260\nNorth Jessicaton\, FL 93055,Lake David,11450
593,Dale Howard,1996 Lisa Ferry Suite 223\nWillisshire\, NY 98550,East Jeffrey,24124
594,George Reed,599 Wagner Rapid\nLake Damonmouth\, WY 60640,Jamesborough,58099
595,Megan Allen,6757 Anderson Square Suite 400\nTravismouth\, CA 95190,North Randytown,49433
596,Karen Garcia,14671 Kramer Landing\nNorth Amanda\, OR 65016,Port Christy,44457
597,George Daugherty,6610 Corey Rest\nEast Jonathan\, IN 42826,New Amandaland,22483
598,Monica Farmer,46665 Davidson Unions\nAndradeland\, NC 68454,East Tinaville,80631
599,David Kaufman,4539 Michelle Inlet Suite 919\nBarbaramouth\, WA 27380,Murphystad,52956
600,Steven Jordan,9628 Benjamin Plaza Suite 740\nNew Edward\, LA 13487,Bennetthaven,35567
601,Mary Potts,80204 Susan Spur\nRoyberg\, AL 02923,East Dillonshire,13338
602,Allen Navarro,Unit 5893 Box 3960\nDPO AE 38359,Lake Williamberg,60900
603,Natalie Johnson,9575 Lindsey Glen Suite 213\nJoshuastad\, AL 94831,Rosalesberg,46418
604,Patrick Wright,5992 Mccarthy Manors\nJacobsville\, UT 72302,East Nancyhaven,83885
605,Anthony Smith,3060 Douglas Prairie Suite 845\nHeidibury\, SC 89376,Gabrielletown,45173
606,Lisa Barnett,875 Heather Mews Suite 141\nLake Robertaberg\, WV 27828,Patrickview,83124
607,Evan Collins,9016 Gray Prairie\nZamoramouth\, MN 83265,Sullivanport,02216
608,Meghan Hodges,087 David Island Suite 670\nLewisville\, TX 67695,Fordborough,88658
609,Sharon Bell,8068 Juan Throughway\nHaleyburgh\, NJ 74786,Lake Sarahshire,38597
610,Michael Savage,9409 Stephens Rue Suite 001\nSouth James\, NM 85478,Bradleychester,78025
611,Nathan Walker,34113 Johnson Stravenue Apt. 379\nNorth Natasha\, NE 17156,Erinmouth,18346
612,Kendra Mueller,09761 Carla Corners Apt. 528\nLake Erinside\, KY 57855,East Tammyhaven,51435
613,Carl Taylor,PSC 4464\, Box 9368\nAPO AP 77750,North Theresabury,33194
614,Amanda Dennis,415 Stephen Brook Apt. 143\nNorth Michaelberg\, IA 20789,East Jordantown,35060
615,Michael Black,238 Jones Drive\nLake Tonymouth\, WA 36064,East Williamfort,98061
616,Lorraine Malone,45148 Green Prairie Apt. 531\nPruittton\, OK 97745,South Stevenburgh,97534
617,Sarah Mills,753 William Street Apt. 819\nWest Stephaniefort\, NV 76573,East Ericville,79430
618,Crystal Gould,298 Erin Island\nJohnstonland\, IN 96996,Debraburgh,16403
619,Brittney Franklin,7092 Brown Via Apt. 436\nMichaelburgh\, NM 14280,Williamsside,22198
620,Jill Robinson,7126 Torres Avenue Apt. 177\nMargaretview\, NJ 02113,Elizabethmouth,12584
621,Antonio Bowen,0774 Brown Street Apt. 463\nSandersville\, VA 18815,Tylerhaven,24245
622,Brandon Perez,13220 Shawn Lane Suite 967\nPort Justin\, IA 17216,Lake Lynnberg,06460
623,Amber White,92930 Snyder Divide Suite 831\nFischerton\, SD 36688,Port Bryan,85724
624,Ashley Green,PSC 5903\, Box 4037\nAPO AE 72526,North Ashley,74263
625,Luis Fitzgerald,322 Atkins Grove\nClaytonfort\, KY 35561,Victoriaside,95704
626,Isabel Martinez,01336 Michael Bridge\nJeffreyburgh\, WI 44107,West Rachel,87050
627,Brandy Lyons,951 Hall Manors Apt. 698\nSouth Jill\, SC 63732,Jeffreyshire,44499
628,Natasha Browning,2590 Melanie Summit Suite 852\nSanfordburgh\, GA 24485,North Mariofurt,01462
629,Thomas Johnson,606 Flores Plaza\nSherristad\, CO 32648,Scottshire,93063
630,Travis Hopkins,9390 April Park\nPort Jaredberg\, OK 73887,East Curtis,54915
631,Erica Colon,770 Joshua Flats Apt. 022\nTimothychester\, IL 14338,Christinaland,71616
632,Michael Fuller,484 Jacob Light Suite 518\nLisastad\, AR 05676,Wallaceside,96832
633,James Beck,PSC 9794\, Box 3959\nAPO AP 44015,Lake Richardside,31080
634,John Hunter,511 Michael Islands\nSheltonport\, VA 79617,Kentport,47959
635,Beverly Peterson,784 Jonathan Square\nPort Caseyville\, TN 70100,Lewisport,27227
636,Holly Stevenson,509 Mcbride Throughway\nChristinabury\, VT 71752,Port Stephanie,27131
637,Tracy Becker,65030 Jay Manors\nSmithstad\, CO 06753,East Brittany,01035
638,Paul Combs,PSC 7249\, Box 7957\nAPO AA 59289,West Christinemouth,45407
639,Donald Dominguez,91339 Julia Center\nChristophermouth\, AR 70055,Mayborough,44881
640,Thomas Gardner,918 Torres Neck\nFigueroaview\, TX 74373,West Angela,32145
641,Linda Wilson,683 Elijah Mountains Suite 356\nDanieltown\, MS 56611,East Javier,64158
642,Kristen Dominguez,59209 Drew Ramp\nWest Jason\, CA 59494,North Melissa,64460
643,Hayden Parker,69001 Meghan Springs Suite 535\nEast Gary\, UT 55523,North Jessicaville,73233
644,Nathan Matthews,USCGC Rosales\nFPO AA 58252,East Michelleland,11352
645,Rachel Davis,70816 David Plains\nSouth Micheleville\, WA 61506,Robertburgh,68772
646,Tony Woods Jr.,USNV Herring\nFPO AE 11566,Port Jonathanland,92033
647,David Martinez,85088 Erickson Terrace Apt. 343\nLake Peterborough\, KY 64438,Steveton,40577
648,Carrie Brown,184 Arnold Glens Apt. 034\nPort Josechester\, OH 40388,Port Daniel,04910
649,Dawn Mullen,63949 Heath Valleys Apt. 240\nSouth Matthew\, NV 76436,South Nicolehaven,67084
650,Nicholas Mann,2431 Ashley Cliff Suite 323\nBrianland\, ME 27724,Rowlandstad,55274
651,Tamara Chandler,121 Delacruz Club Suite 616\nLake Johnborough\, LA 57789,Garyhaven,70541
652,Kenneth Davis,03084 Wilson Valley Suite 979\nNew Jeremy\, NM 25583,West Matthew,15487
653,Manuel Caldwell,262 Nancy Course Suite 517\nJonathanberg\, ME 65976,Morgantown,33690
654,Rick King,514 Barnes River Suite 501\nLake Steven\, IA 27004,South Davidfurt,17957
655,Fred Hayden,221 Sonya Extension Apt. 642\nSouth Christina\, SC 93244,Scottborough,21304
656,Michael Munoz,USS Baker\nFPO AP 21214,Aprilville,09045
657,Matthew Bennett,756 Pearson Lodge Suite 747\nThomasshire\, MT 97352,Scottmouth,36362
658,Mary Chang,686 Tyler Lake\nEast Samuelport\, TX 74107,New Kyleton,41505
659,Ruth Roberts,6217 Matthew Heights Apt. 722\nDavidshire\, OK 47801,North Christopher,56329
660,Chris Mendoza,USCGC Hall\nFPO AP 78681,Port Josephside,17161
661,Laura Morgan,85829 Brown Trail Apt. 335\nGregorybury\, MT 00788,New Ernestfort,98480
662,Brian Hernandez,12955 Robert Junctions Suite 395\nNorrisside\, WI 88057,Tinafort,67406
663,Melissa Lewis,PSC 9610\, Box 7560\nAPO AP 40650,Hughesmouth,28791
664,Paula Stewart,7366 Riley Courts Suite 595\nRogersville\, LA 99082,West Tracy,56690
665,Dale Curry,6660 Rhodes Orchard Suite 323\nPaulside\, DC 28639,New Gregport,89977
666,Jason Cooper,8855 Coleman Roads Apt. 672\nMillerfurt\, VT 02006,Port Brianside,75928
667,Whitney Perez,8121 Felicia Keys\nNielsenmouth\, UT 96445,South Marcchester,91464
668,Steven Collins,675 Hamilton Vista\nNew Lisa\, WI 77841,New Lindsayview,78489
669,Elizabeth Wilson,945 Albert Greens\nSuttonville\, ME 87278,East Ryan,75692
670,Joshua Christian,640 Haynes Mews Apt. 579\nAnthonyfort\, HI 44759,North Manuelfort,36488
671,Tanya Dean,449 Williams Extension Apt. 308\nLake Kelly\, RI 70699,West Anthonyfurt,93801
672,Christopher Moore,8746 Brianna Gateway\nNew Jessicaburgh\, NH 48563,Smithfort,27383
673,Eric Clayton,44076 Patterson Isle\nJordanberg\, RI 67078,Ericfort,63546
674,Christina Anderson,126 Webb Court\nNunezton\, VA 20635,Bankstown,64224
675,Maria Clark,10015 Kristen Mountains\nTriciaton\, NY 44251,Stephaniestad,61957
676,Brandon Leonard,3891 Katherine Islands\nDouglasshire\, NY 55369,Williamsberg,93445
677,Gregory Anderson,5822 Spears Roads\nNorth Paulview\, CO 42752,Port Cody,97673
678,Mr. Craig Tate,8035 Floyd Terrace Suite 567\nNicholasmouth\, NY 00898,Samanthaport,76978
679,Richard Hughes,541 Olson Trafficway\nCampbellport\, NY 84259,Williamsborough,65546
680,Linda Monroe,300 Davis Rue Apt. 461\nWalkerfort\, MT 88015,Haydenbury,34383
681,Thomas Kelley,952 Amber Spur Apt. 377\nHannahberg\, DE 05968,Jordanhaven,76502
682,Mary Jones,473 Mark Mission\nWest Rebeccafort\, NV 28433,Maxwellhaven,69056
683,Joseph Hodges,186 Ortiz Valley Apt. 411\nAndersonland\, WY 01408,Mcphersonborough,34649
684,Joseph Williams,0634 Trujillo Landing\nNorth Manuelshire\, CT 95397,South Manuel,95092
685,Casey Shaffer,629 Wilson Springs Apt. 071\nAshleychester\, LA 02620,New Jennifer,62510
686,Christina Montgomery,95869 Caitlin Glens\nEast Moniqueville\, MT 81728,Allenland,91315
687,Anne Lara,7443 Hamilton Brooks Apt. 742\nPort Nicole\, CO 90678,North Michael,47057
688,Jennifer Ray,698 Dana Shoals\nHeatherborough\, KS 45673,Ashleyburgh,84723
689,Shannon Gomez,Unit 9212 Box 0543\nDPO AP 43959,West Ginafurt,49904
690,Julie Fisher,5246 Katie Road\nLake Rickey\, MI 82457,Melissamouth,35896
691,Katherine Green,1191 Dillon Turnpike Apt. 847\nLaurenstad\, NJ 36429,Port Jasonburgh,79340
692,Alexandra Doyle,433 Laurie Plaza Suite 096\nThomastown\, TN 17571,Carpentermouth,70794
693,James Frye,4365 Mitchell Stravenue Apt. 497\nLake Suzanne\, NJ 39790,Greenemouth,18004
694,Anita White,93344 Steven Route\nMathisview\, CO 57072,East Elizabethtown,42778
695,Chelsea Schneider,33828 Ray Circles\nLake Vanessafurt\, IA 54299,East Shelia,22653
696,Emma Le,2496 Rodriguez Hills\nLake Angelaland\, ND 07595,West Terri,14006
697,Judy Griffin,41753 Ward Ports Apt. 584\nWhitebury\, MT 86349,East Michelleburgh,02723
698,Caitlyn Mathis,8709 Sanders Ramp Suite 206\nWhiteheadville\, ID 21582,North Courtney,50999
699,Kevin Alvarez MD,15199 Thompson Pike\nSouth Danaland\, MO 65027,East Mary,50938
700,Stephanie Reyes,011 Meza Meadow\nPricestad\, DC 53834,Port Richard,95751
701,Matthew Mckee,78923 Schwartz Port\nEast Nicole\, PA 17184,Jamesmouth,02021
702,Kevin Davis,1556 Lee Fall\nLeeville\, KY 82794,North Thomasstad,95856
703,Erica Shaw,36786 Donald Club Apt. 125\nPort Francisco\, DE 87182,Powellview,36533
704,Tina Calderon,009 Brandi Trafficway Apt. 518\nMcbrideborough\, FL 21028,West Terry,41061
705,Kristen Underwood,5817 Brady Drive\nChristopherbury\, MN 68692,Boydside,01835
706,Tiffany Davis,970 Kristine Brooks Apt. 664\nMelvinburgh\, WY 12960,Stephenchester,32670
707,Ashley Adams,7823 David Locks Suite 613\nHensleyfort\, TN 18542,Alimouth,10131
708,Jacqueline Perez,514 Cole Valley Apt. 675\nNorth Kelly\, UT 27572,Jensenberg,93058
709,Charles Alexander,201 Ramirez Estate Apt. 680\nLake Michael\, CA 11476,Lake James,38476
710,James Alexander,60086 Dodson Spur Apt. 542\nShawnfurt\, GA 59567,West Jamesfurt,61987
711,Belinda Morris,Unit 1254 Box 8388\nDPO AP 96266,Port Timothyside,62370
712,Paul Richard,768 Franco Summit Apt. 619\nNorth Bobbyton\, AR 71724,Lindamouth,99324
713,Terry Gonzalez,122 Veronica Well Suite 141\nEvanshaven\, WV 31577,Floydview,81656
714,Denise Rodriguez,40060 Natalie Drive\nSouth Crystalstad\, AL 26844,Harrishaven,32845
715,Yvette Barrett,14630 Christina Ranch Apt. 732\nGalvanland\, WY 33714,Perezbury,35542
716,Lisa Bowman,208 Hunt Mission Suite 757\nSouth Roberto\, ND 75024,Bartonchester,07811
717,Nicole Vazquez,380 Booth Way\nDonaldbury\, IN 05952,East Richardmouth,56010
718,Samantha Hall,8088 Fisher Harbors Apt. 398\nEast Joanneberg\, MS 63170,Travisburgh,61447
719,Raymond Hernandez,6126 Michele Glens Suite 186\nNorth Sandra\, VT 42171,Nancybury,78087
720,Mike Barber,10340 Arthur Brooks\nNorth David\, IL 07386,Lake Cindy,37512
721,Patrick Copeland,PSC 2708\, Box 0686\nAPO AA 72559,Sparksview,64189
722,Michael Arnold,6869 Samantha Ports\nDavieshaven\, NV 68752,Youngborough,41921
723,Chad Norris,7722 Stevenson Harbor Suite 571\nLake Gregory\, AZ 33749,North Christophertown,95091
724,Christopher Livingston,947 Miller Mission\nPort Shawnton\, MI 80075,East Julie,85761
725,Sally Johnson,28935 Charles Overpass Apt. 742\nNorth Roberthaven\, AK 24252,West Robertville,14417
726,Ronald Williams,787 Matthew Grove Suite 610\nLake Christopher\, FL 05561,Erinton,05942
727,Samantha Tate,25086 Keith Mountain Apt. 377\nBryanshire\, AK 38211,Lake Matthewtown,31236
728,Tammy Reid,USNS Rodriguez\nFPO AP 70153,Briantown,38003
729,Elizabeth Allen,75951 Pham Views\nAndersonchester\, VA 41113,Richardchester,80938
730,Antonio Garcia,892 Oneill Light\nWattsville\, VT 68792,Port Rickey,08969
731,Michael Mason,713 Davis Forks Apt. 422\nRichardsfort\, ND 80522,New Anthony,96353
732,Todd Schmitt,40326 Rachel Lakes\nTurnerfort\, VA 13145,Robinsonshire,02141
733,Dawn Garza,0930 Jane Estates\nDownsland\, MS 20725,West Wendyview,96142
734,Mason Cohen,484 Richardson Extensions\nWest Mikaylaview\, HI 17244,New Elizabethstad,59366
735,Ana Dyer,3253 Robert Junction Apt. 391\nPort Brendabury\, SC 78906,Lake Adam,39591
736,Nicole Lee,069 Valerie Parkways\nPort Amberberg\, NH 84944,Pennyborough,99144
737,Patrick Barrett,59867 Carla Burgs Suite 579\nVickiport\, AL 81811,Michealville,04091
738,Abigail Martinez,5538 Arnold Ways Suite 073\nManuelview\, NH 54239,West Amandamouth,10887
739,Marcus Sanchez,60230 Bush Row Apt. 549\nKellychester\, SC 78923,Hallburgh,42723
740,Mark Atkinson,39334 Jared Manor\nMoorebury\, NM 06781,East Loriport,49637
741,Chelsea Rodgers,504 Goodwin Springs Apt. 835\nPennymouth\, ID 22863,West Wendystad,79473
742,Kim Kerr,726 Jacob Causeway\nEast Darrellview\, RI 72979,Wellston,09985
743,Mark Ramirez,40931 Tammy Ridge Suite 668\nSouth Ryan\, AL 37052,Juanside,52835
744,Rita Weber,23032 Berg Cove\nMeganhaven\, WV 60370,Floresstad,98895
745,Mark Leonard,67996 Ramirez Mountains Suite 203\nPort Colleenmouth\, NE 75616,South Roberthaven,37841
746,Paul Jones,Unit 9303 Box 2884\nDPO AA 25431,Wellsport,06680
747,Sheila Adams DDS,13110 Lisa Summit\nRodriguezview\, NV 67263,Michaelbury,71947
748,David Price,PSC 6939\, Box 2688\nAPO AP 68468,West Jordanton,26605
749,Jon Miller,596 Douglas Field\nAlyssaport\, NY 65402,New Tommy,08985
750,Connie Thomas,08290 Thomas Loop\nPort Derek\, RI 98097,North Christie,83895
751,Kristin Hart,503 James Causeway Suite 434\nLopezville\, ID 77757,New Laura,02940
752,Derek Burke,49938 Adam Springs\nCarrport\, IA 80710,Hessport,56113
753,Krista Smith,4629 Hardy Route\nNew Jennifershire\, NY 06699,Danielberg,77703
754,Richard Carpenter,60413 Justin Passage\nEast Oliviachester\, HI 42614,Millerview,41169
755,Whitney Beck,661 Rivera Land Suite 745\nPort Jeffreyville\, AR 28410,Emilyfort,44783
756,Whitney Knight,PSC 4047\, Box 9549\nAPO AE 91965,Westhaven,15929
757,Karl Gomez,45391 Keller Path Suite 372\nEast Benjaminton\, NJ 37400,South Sharon,20169
758,Walter Moore,PSC 5193\, Box 5013\nAPO AE 93211,Shannonbury,84812
759,Pamela Arnold DDS,6590 May Locks\nJamesland\, DC 06407,East Thomashaven,84057
760,Jennifer Hamilton,55472 Flores Coves\nCaitlinberg\, CO 65731,Tiffanybury,94548
761,Crystal Marshall,0646 Tiffany Village Suite 008\nMoyerhaven\, UT 56265,New Terri,55646
762,Alexa Adkins,745 Morris Point Suite 987\nJorgestad\, NM 19315,Jeffhaven,97607
763,Christopher Cameron,257 Morris Falls\nMarkburgh\, SC 05810,Matthewsport,01586
764,Manuel Fuentes,6800 Mendoza Flats\nDustinland\, WV 66842,Atkinsbury,95549
765,Garrett Robinson,Unit 0507 Box 5532\nDPO AP 68971,South Megan,89791
766,Hannah Joseph,163 Katie Common\nBrianamouth\, DE 30695,West Tammy,80651
767,Isaac Campbell,19297 Jennings Vista\nSmithstad\, WA 48135,Hancockside,93275
768,Seth Willis,01230 Andrew Turnpike\nLake Sandyshire\, AZ 30981,Wilsonstad,78355
769,John Chavez,PSC 4195\, Box 2135\nAPO AA 97776,Hardinborough,33243
770,Cynthia Aguirre,PSC 5709\, Box 5875\nAPO AE 92871,North Darius,56756
771,Willie Shannon,8890 Brandon Lodge Apt. 267\nRobinsonside\, NE 71463,Aliciabury,86807
772,Beverly Parker,04005 Lee Road\nEast Antonio\, MO 16440,North Amberchester,59351
773,Jason Evans,76942 Logan Trail Apt. 274\nLake Dennistown\, VA 28127,Johntown,16618
774,Veronica Young,7097 Barrett Course Apt. 376\nSouth Dana\, KS 08215,Robinsonhaven,70572
775,Benjamin Alvarado,15505 Mason Square Apt. 066\nLake Laurafurt\, ME 99014,Leslieville,32639
776,Jeremy Torres MD,62043 Anthony Manors\nWillismouth\, MA 73440,Lake Jeremystad,94770
777,Alice Walters MD,21902 Christine Court Apt. 281\nNew Jennifer\, ME 36038,Phillipsstad,87908
778,Lisa Myers,914 Smith Stravenue Apt. 333\nSouth Cameronborough\, DC 94768,Monroeport,71927
779,Joshua Serrano,76994 Jeremy Squares\nBethberg\, OK 06476,South Justin,35567
780,Brittney Clark,95970 Candace Key Suite 136\nVictorshire\, FL 78374,Lake Edward,06582
781,Kyle Harris,8879 Jessica Motorway\nNorth Mirandamouth\, MS 28375,South Veronica,33713
782,Lisa Schroeder,PSC 5329\, Box 2326\nAPO AA 96163,Morrisstad,48453
783,Diana Hernandez,13617 Randy Motorway Apt. 857\nEast Nicole\, CT 53411,Nicholasbury,37853
784,Matthew Rosario,7228 Cruz Gateway\nPort Samantha\, KY 17117,South Michaelstad,88586
785,Stacy Jenkins,3714 Hill Dam Suite 383\nChristinemouth\, MA 05694,Espinozashire,66468
786,Christine Rodriguez,71217 James Islands\nNorth Jaymouth\, KS 75357,East Davidhaven,62548
787,Kevin Warren,8630 Craig Manor\nRobertbury\, TX 41258,Jordanbury,84405
788,Henry Wong,7063 Harris Stravenue Apt. 169\nPort Kenneth\, KY 81779,Lake Haley,90427
789,Rodney Brown,55086 West Squares\nEast Paul\, ME 09140,Port Heather,11798
790,Joshua Howell,7667 Lisa Glens Suite 395\nSherrystad\, GA 04100,Williamside,92525
791,Matthew Tran,91506 Baker Mall\nKimfurt\, FL 66922,East Kathleenhaven,07563
792,Todd Peters,2366 Nancy Ramp Apt. 919\nSouth Natalie\, SC 66030,Woodwardmouth,29901
793,Vincent Gregory,81850 Nicole Pass Apt. 392\nChristophermouth\, ID 37268,North Patrickton,15166
794,Matthew Powell,180 Reyes Curve\nGonzalezberg\, OH 97795,Mcdonaldfurt,65372
795,James Patterson,7659 Solomon Expressway\nBalltown\, DE 54039,Jessemouth,66127
796,Sarah Lowe,3820 Hooper Fords\nSantosburgh\, MS 82768,Tammybury,85245
797,Kathleen Davis,USS Adams\nFPO AA 53373,Solomonchester,04173
798,Douglas Ross,USNV Jones\nFPO AA 15601,Jasonshire,40631
799,Amy Galvan,6798 Nichols Shoals\nSouth Keithstad\, AL 20414,Port Justinton,08321
800,Mark Bailey,45294 Michael Highway Suite 631\nEast Samantha\, GA 69388,Johnchester,94078
801,Todd Marquez,USNV Brown\nFPO AE 75789,Lake Edward,52168
802,Kathryn Benton,0174 Schwartz Station\nJoshuachester\, AZ 48593,Tamishire,73840
803,Jorge Barry,51165 Calhoun Roads Suite 230\nJessicastad\, NM 61952,North Jonathan,39084
804,Ashley Olsen,2316 Allen Light Suite 024\nNew Lisahaven\, MN 87194,Lake Amber,40645
805,Christina Gilbert,051 Katherine Plaza\nIrwinmouth\, ME 45843,Donaldside,41432
806,Stephanie Jackson,636 Price Crest Suite 494\nSouth Robert\, NM 80946,Shanefort,78013
807,Heather Sanchez,5183 James Neck Suite 226\nNorth Sarahfurt\, ID 67555,North Aaron,46336
808,Steven Hale,8317 Castillo Rapid\nKimberlyside\, FL 51231,North Elizabethfort,41766
809,Alexis Carter,355 Howell Green\nHarrisview\, ID 67178,Michaelberg,20217
810,William Owen,32079 Rose Crest Suite 986\nMontgomeryview\, MD 79341,Chloebury,06568
811,Mary Cross,67735 Middleton Underpass\nDaleside\, MO 85117,Berrystad,19983
812,James Rios,1658 Thomas Walk Apt. 923\nLake Angelica\, NV 92407,Lake Maria,11656
813,Daniel Ritter,253 Shane Garden Suite 829\nNew Charlenestad\, MT 44831,Lake Johnborough,51475
814,Sarah Robinson,4810 Willis Stream\nKaylatown\, IA 85419,Lake Tracy,02546
815,Gary Harris,57088 Stewart Green Suite 358\nWest Andrew\, MS 20748,North Lindseyland,78189
816,Wendy Patrick,89648 Katherine Circle\nPort Gina\, UT 84061,New Dawnland,38278
817,Rebecca Gray,0644 Gary Causeway\nLake Christina\, PA 46659,Heatherton,12062
818,Eric Clark,USNS Oconnell\nFPO AA 13528,West Reneefort,13537
819,Dana Moss,PSC 1231\, Box 2243\nAPO AE 52841,New Jill,68840
820,Kim Johnson,585 Johnson Overpass Suite 927\nJenningsfort\, NJ 41861,New Sarafort,88954
821,John Monroe,74463 Chandler Pines\nNew Megan\, RI 11577,Lindseytown,76063
822,Angela Colon,USCGC Bradford\nFPO AA 21282,North Bradleybury,81900
823,Alejandra Nicholson,30187 Clements Spur\nHintonburgh\, SC 68809,Alvarezview,55131
824,Christina Knapp,95685 Young Groves Apt. 510\nSimstown\, MS 22909,West Anna,87294
825,Phillip Jones,569 Eric Dale\nSharonmouth\, VA 11046,Port Kathryn,40657
826,David Vaughn,38089 Cunningham Field\nLake Gina\, KS 22281,Zunigafurt,19567
827,Timothy Sanders,79178 Weaver Walks\nLake Andrewview\, IL 91526,Clarkshire,91303
828,Mary Allison,586 Gabriel Summit Apt. 773\nLake Matthew\, DE 39307,North Elizabethbury,75044
829,Kevin Davis,452 Mclaughlin Ways Apt. 029\nSalazarton\, KS 62460,Williamsfort,73149
830,Patty Irwin,330 Kathryn Plain\nLeonardbury\, MN 57367,Collinsberg,57806
831,Christopher Sanchez,8319 Kevin Islands Suite 752\nWest Donna\, KY 37704,Newmanmouth,62575
832,Christopher Jenkins,314 Love Islands Suite 036\nEast Nicolas\, MO 34726,New Saraborough,65126
833,Kathleen Miller,Unit 7655 Box 4760\nDPO AA 76210,West Zachary,90523
834,Virginia Bartlett,8036 Kelli Locks Suite 170\nLake Miguel\, DC 27602,Patriciahaven,38252
835,Lynn Stevens,5388 Kyle Grove\nPort Karenmouth\, WY 15001,Wrightville,54712
836,Sandra Clements,56062 Jon Springs\nEricport\, VT 39372,Jessicamouth,07428
837,Felicia Walker,8982 Glenda Mews Apt. 289\nNorth Barbara\, AL 11189,Flynnview,75008
838,Melinda Gordon,0496 Miller Crossroad\nLake Ashlee\, ID 32192,Joshualand,84531
839,Susan Craig MD,26588 Kelli Turnpike\nRyanside\, OK 52676,South Monicaside,62367
840,Larry Perez,PSC 7490\, Box 9222\nAPO AA 68157,South Eileenland,07855
841,Philip Rodriguez,27487 Bauer Key\nAndrewton\, IA 03394,Lopezfurt,82169
842,Kimberly Hughes,905 Denise Haven Apt. 007\nKellyhaven\, TX 64405,Thomaschester,70777
843,Andrew Phillips,94389 Brittany Pass\nCynthiamouth\, DE 12223,Donaldfort,47233
844,Sabrina Collins,457 Gonzalez Brook\nTimothymouth\, IA 16679,Benjaminfurt,47273
845,Edward Sexton,36179 Medina Cape Apt. 229\nLake Ashleyburgh\, WA 60951,Port Ann,11445
846,Michelle Santiago,1641 Timothy Extension\nLake Lauren\, MN 59111,South Elizabeth,91941
847,Jacob Morris,165 Martin Ranch Apt. 855\nMillerside\, IA 67396,Steeleburgh,96743
848,George Holland,53299 Ryan Course Suite 084\nLeeville\, CT 92821,Lake Victoriastad,72735
849,Kim White,Unit 9005 Box 9675\nDPO AP 50256,Larsonland,36630
850,Miranda Smith,54640 Gomez Expressway Suite 840\nNew Richardville\, MN 79414,Castroland,87489
851,Peter Reynolds,2101 George Squares\nJonesside\, MO 64831,Lake Catherinemouth,94643
852,Karen Foster,PSC 4253\, Box 7605\nAPO AE 53899,Wandaton,80563
853,Tony Benitez,09522 Brittany Hill Suite 051\nNew Kimberlybury\, NY 63787,Lake Jacquelineside,97649
854,Benjamin Bernard,75118 Hardin Stravenue Apt. 387\nScotttown\, KY 96699,Samuelfurt,32723
855,Philip Smith,2943 Ritter Glens\nNew Jeremy\, AZ 28010,Lake Kellyborough,60584
856,Juan Contreras,PSC 5596\, Box 0352\nAPO AA 70271,Mcdonaldton,12083
857,Caleb Sawyer,06274 Alyssa Vista\nVasquezmouth\, CA 77695,Russellfurt,05379
859,Desiree Cruz,33447 Michael Roads Suite 538\nNatashaberg\, NJ 06203,Velasquezville,53322
860,Ronnie Barton,2149 May Ranch\nPort Victor\, DC 93659,Lake Brittanyland,20044
861,Daniel Hall,33320 Cook Stream\nSouth Andrew\, OK 86060,Andersonshire,89309
862,Victor Scott,00073 Philip Cliff Suite 538\nLake Alexanderburgh\, AZ 75008,Cruzport,92081
863,James Campbell,046 Saunders Vista\nNew Jessica\, LA 60700,Ethanstad,95528
864,Thomas Fields,57246 Shawn Haven\nTimothyhaven\, FL 63484,North Richardside,49955
865,Rachel Powers,2084 Douglas Highway\nTaylorbury\, NH 10667,South Patty,59603
866,Jonathon Clarke,05151 Juarez Mission Apt. 155\nNew Ryanfurt\, IL 92678,West Ariel,21582
867,Michelle Walker,448 Perry Bridge\nWest Timothy\, NJ 86745,South Jared,90243
868,Johnny Dunn,445 Justin Unions Apt. 318\nEast Benjamin\, WA 54304,Port Barbaraberg,58094
869,Lisa Coleman,39089 Erica Bypass Apt. 152\nStephenfort\, KS 84540,South Stephanie,10546
870,Shane Waters,72948 Scott Spring Suite 693\nLake Randy\, SD 43103,Amymouth,04430
871,Steven Mayer,58361 Walker Garden\nPennybury\, CO 62693,Courtneyborough,33008
872,James Garcia,USCGC Williams\nFPO AE 88718,Donnaville,83591
873,Jeffrey Johnson,40805 Jodi Squares Apt. 856\nLake Kathleenshire\, IA 53442,Lake Samuelhaven,40349
874,Ryan Ortiz,7674 Hardy Greens Apt. 792\nDavisport\, RI 32298,Danielmouth,54033
875,Stanley Gregory,22986 Jacob Branch\nSouth Curtisport\, NY 20564,Steinshire,59043
876,Timothy Gomez,0939 Allison Hill\nNew Tiffanybury\, WY 78491,Dixonstad,22286
877,Michael Kane,240 Moore Curve Apt. 364\nLake Anthonyshire\, AL 25496,New Matthew,36270
878,George Campbell,USS Thompson\nFPO AA 38318,Morrisborough,35424
879,Rebecca Cooper,3087 Johnson Hollow Apt. 464\nLake Jennifer\, NJ 86678,North Rachelview,00716
880,Curtis Hamilton,023 Thompson Brooks\nWest Anthony\, TX 06017,Lake Lauren,07177
881,Melody Garcia,53616 Goodwin Ridges Apt. 508\nHahnstad\, TX 64215,Lake Brandon,27217
882,Holly Newton,742 Joseph Locks Apt. 731\nHendersonchester\, VT 93588,Markberg,25193
883,Brandi Jackson,3437 Devin Islands Suite 915\nHarrisonchester\, AL 61926,Anneville,03545
884,Kelly Smith,254 Wesley Islands Apt. 498\nNorth Justin\, MT 25012,South John,18123
885,Zachary Phillips,633 Jennifer Island\nWest Karenview\, ND 59153,Nguyenberg,62595
886,Kimberly Johnson,6014 Miles Street\nWest Heidi\, UT 68688,West Natasha,02631
887,Jennifer Lane,4255 Yolanda Spurs\nNew Davidside\, FL 37108,Lauramouth,57584
888,Kelly Williams,033 Carlos Manors\nEast Cory\, ND 02718,Lake Christine,31908
889,Derrick Bryan,19454 Tommy Square Suite 536\nGrayport\, AK 32121,Thompsonberg,29299
890,Johnny Jones,PSC 1704\, Box 4754\nAPO AP 45639,West Ronnie,30206
891,Justin Avila,5953 Kevin Dam\nKimberlyfort\, WA 31692,Nancyburgh,52805
892,Kimberly Washington,80348 William Extensions Apt. 113\nNorth Robert\, NE 03972,Karenbury,03159
893,Sara Brown,996 Reed Cape\nSeanmouth\, CO 22657,Kimberlyshire,72769
894,Steven Sherman,PSC 1517\, Box 8884\nAPO AP 36379,New Jennifer,51994
895,Crystal Jones,95265 Cole Overpass Suite 199\nLake Edwardfort\, WV 91978,Erinfurt,14057
896,Felicia Berry,48712 Christopher Stravenue Apt. 703\nWest Ashleyhaven\, CA 42990,New Miguelstad,91452
897,Ashley Calhoun,94259 Wilson Views Apt. 244\nThompsonfurt\, IL 59003,Wongton,21736
898,Jose Hoffman,5129 Wilson Terrace Apt. 134\nTaraport\, NC 19718,Andrewmouth,70095
899,Henry Chambers,9501 Hammond Vista Apt. 209\nPrinceburgh\, IN 18006,Kevinfort,98991
900,Mary Williams,70168 Timothy Walk Apt. 322\nCarriefort\, PA 93420,North Sonya,77793
901,Vanessa Lambert,507 Rachel Station Suite 614\nAlexandriaborough\, ND 51927,Johnhaven,80191
902,Rodney Lee,USCGC Stevens\nFPO AE 73400,Palmerview,35494
903,Heather Sloan,5345 John Spring\nZamoraland\, WI 89537,West Patriciamouth,10128
904,Chad Cole,375 Traci Haven\nNathanielfort\, LA 96997,Brandonport,83178
905,Krystal Montoya,3562 David Alley Suite 276\nNorth Carolyn\, WA 80886,North Catherinefort,32388
906,James Martinez,8360 Mccormick Squares Apt. 619\nSarashire\, RI 22936,Johnville,71024
907,Rebecca Riley,750 Gibson Pass Suite 753\nSouth Kevinside\, OR 41563,West John,43839
908,Maxwell Gonzalez,35553 Humphrey Street\nJaimeside\, ND 30025,North Erichaven,11892
909,Dawn West,42635 Edwards Station Apt. 053\nLake Daniel\, NY 27575,Port Christina,72511
910,Adam Jackson,16552 Holmes Mission\nNorth Kimberly\, CT 27481,North Victor,22905
911,Kathleen Fowler,02135 Gordon Burg Apt. 917\nLake Robertstad\, WI 67862,South Jodiberg,67848
912,Lisa Johnson,6243 Green Mountains Suite 482\nEast Brenda\, LA 63196,Edwardsbury,55363
913,Brittney Howard,06695 Francis Avenue Suite 581\nSouth Mariaport\, NM 98136,Dominiquechester,88773
914,Jeremy Lawson,71172 Joseph Field\nNorth Claudiaborough\, KS 65374,New Jeremiah,63866
915,Amanda Henry,34725 Eric Grove\nSouth Justinbury\, TX 07417,New Christopher,36506
916,William Mckee,817 Ricky Run Apt. 244\nJacquelinemouth\, CT 32787,West Karen,39133
917,Sarah Cunningham,845 Michael Corners Apt. 052\nAlexisberg\, NM 96808,West Jane,04953
918,Benjamin Jones,67084 George Island\nDavidchester\, FL 77611,Harrisfurt,12684
919,Hannah Greene,8836 Williams Stream Apt. 112\nSmithville\, CO 45589,Mayberg,75495
920,David Long,4694 Gray Coves\nFloresside\, NH 98908,Port Kimberlytown,54453
921,Eugene Santana,17742 Love Port Suite 660\nGabrielleland\, IN 37846,Parkborough,93035
922,Patricia Rojas,786 Dawn Valleys\nFoleyburgh\, WV 58906,Tinaview,86977
923,Thomas Fowler,4208 Mendoza Pike\nCrystalfurt\, MS 22702,Haroldport,48065
924,Randy Arnold,1373 Abbott Common\nMichaelton\, RI 91159,Amychester,31551
925,Stephen Hernandez,3532 James Throughway\nSouth Jamesville\, FL 43170,Heatherville,60633
926,Joshua Johns,6892 Mcknight Prairie\nSouth Steven\, CA 08999,Stevenfort,03291
927,Sarah Nelson,75802 Nathaniel Greens\nEast David\, GA 45716,West Lindsey,27457
928,Kristina Roberson,416 Garcia Roads Suite 381\nReillyfort\, NY 06058,Jenniferhaven,13759
929,Cody Stanley,28263 Ford Camp\nLake Lance\, DE 12584,Tiffanychester,39249
930,Travis Jenkins,5541 Robinson Mountains\nPort Thomas\, FL 60442,South Amanda,82293
931,John Foster,1660 Yang Greens Suite 766\nWest Emilyton\, TN 19561,North Kristen,65920
932,David Wilcox,2713 Vance Locks\nNorth Johnhaven\, MO 43173,West Benjamin,79814
933,Justin Camacho,0772 Silva Cape Apt. 552\nPort Jasonborough\, DE 69687,New David,46962
934,Dennis Rodriguez,50736 Alison Ranch Suite 681\nWest David\, KS 05189,Jamesmouth,12055
935,Zoe Levy,4983 Chapman Ridges Suite 522\nEast Nicolemouth\, VA 35862,Port Rickyshire,96677
936,Andre Leach,31353 Morgan Garden\nFaulknerborough\, ME 82193,Daviston,76838
937,Suzanne Kennedy,98056 Kaiser Mews Apt. 678\nEast Jonathonville\, OH 02337,Heatherburgh,75634
938,Melissa Kramer,716 Ingram Walks\nLake Richardview\, NH 90443,Branchborough,72145
939,Paul Gutierrez,8486 Jessica Street\nSouth Stephaniechester\, VA 72461,West Cathyland,99051
940,Eric Collins,4183 Dana Squares\nNew Sara\, WY 63288,Andrewberg,47089
941,Kathleen Thompson,2006 Davis Streets\nNew Nicholas\, IA 24659,East Jonbury,25058
942,Kathy Brown,1164 Rick Station Suite 074\nWest Joshuastad\, MT 52115,Ashleyfurt,61096
943,Diane Waters,55972 Mueller Lake Apt. 458\nPort Kimberlytown\, DC 70389,East Julie,66296
944,Daniel Ramirez,186 Joyce Spurs Suite 611\nChristophershire\, VT 77516,Lisashire,72646
945,Amber Ruiz,45123 Cheryl Heights Suite 099\nLake Crystal\, WI 36972,West Tammy,88697
946,Jeanne Foster,10232 Herrera Burgs\nSamanthaton\, NJ 85909,Thomastown,89327
947,Christopher Butler,80695 Brandon Lakes Apt. 372\nRodriguezview\, MD 25780,South Jonborough,11783
948,James Mooney,040 Jimenez Corners\nJamesview\, NE 12641,South Nathanshire,87890
949,Jamie Sawyer,3974 Wilson Key Suite 225\nRobinsonview\, KS 02735,Kimberlychester,78816
950,Christopher Reed,4282 William Brooks Suite 805\nNew Jonathan\, OR 51208,Williamchester,22175
951,Ryan Camacho,694 Travis Lights Suite 321\nJoshuamouth\, GA 40916,Port Rachel,29734
952,Edward Trujillo,77013 Harrison Shore\nEast Omar\, ID 41240,Brownfort,60445
953,Daniel Kim,7205 Smith Fall Apt. 932\nDevinshire\, NJ 08451,South David,26655
954,Madison Pruitt,526 Kathryn Branch\nDavidville\, AL 93916,Churchfort,92609
955,Garrett Moore,43985 Joseph Landing Apt. 954\nLake Ryan\, MO 91980,Port Zacharybury,82564
956,Robert Pham,7087 Jamie Mission Apt. 149\nSouth Edward\, NE 97877,Hardyfurt,70700
957,Ronald Holmes,984 Jonathan Port\nPort Gina\, IA 66144,New Joshuaview,04719
958,Todd Blake,926 Mcpherson Inlet Suite 060\nLake Bryanport\, AR 92478,Weavermouth,51101
959,Shawn Dunn,51432 Nguyen Trace Apt. 702\nAyalabury\, CA 53089,Josephstad,61623
960,Megan Miller,1591 Cathy Heights Apt. 199\nSouth Colleenmouth\, IN 78047,Brookefort,03577
961,Jennifer Smith,431 Jill Overpass\nCristinaton\, NM 40385,Port Cherylborough,93889
962,Richard Johnson,575 Shannon Forest Suite 459\nWebbside\, KS 17218,Keithhaven,63100
963,Mary Scott,6519 Mark Circle\nWarrenmouth\, SC 57568,Grayport,97062
964,Amanda Caldwell,USNV Merritt\nFPO AE 66441,Tiffanyburgh,20576
965,William Davis,PSC 7519\, Box 7689\nAPO AA 40832,Port Elizabeth,26603
966,Andrew Morse,20439 John Streets Suite 222\nStephanieshire\, NY 50739,Grahamland,81756
967,Charles Mullen,USNV May\nFPO AE 64897,Jonesfurt,37663
968,Christina Daugherty,4511 Norris Pike Suite 077\nSouth Laurenton\, MT 36470,Smithchester,69384
969,Gloria Townsend,598 Thomas Trail\nWilsonhaven\, WA 96649,East Daniel,72698
970,Matthew Rogers,2212 Wood Pine Suite 550\nChadhaven\, NM 15883,South Victor,90172
971,Jason Stokes,375 Melissa Squares Suite 304\nSouth Meghanburgh\, MI 38692,Gonzalesstad,22037
972,Derrick Williams,8899 David Isle\nHoffmanstad\, UT 27633,East Charleshaven,91547
973,Jennifer Vang,72563 Page Forges Apt. 012\nAndreachester\, IA 00843,Carrport,79145
974,Nancy Lee,83742 Lewis Field Apt. 284\nLake Lisa\, KY 75391,Harristown,86504
975,Gina Snyder,513 Sarah Knoll\nWest Michealborough\, MT 09861,Gardnerland,39545
976,Denise Martinez,63735 Welch Dam\nSharifort\, AZ 01574,Candacetown,52129
977,Cindy Thompson,546 Mark Fort Apt. 148\nWest Mary\, WV 36360,Charlesport,31976
978,Megan Bennett,737 Doyle Ferry Suite 205\nWest Jeffery\, NC 24967,Mayerview,41298
979,Alexis Nguyen,0073 Dennis Expressway\nNorth Krystalchester\, NM 78093,Aguilartown,75870
980,Brenda Thompson,677 Hall Causeway Suite 977\nHoweside\, TN 53609,New Martin,37596
981,John Trevino DVM,USNV Fleming\nFPO AP 80928,Samuelfort,47143
982,Kari Beck,777 Luis Port Apt. 210\nRamostown\, AR 58446,Scottland,98762
983,Kenneth Myers,60587 Miller Greens\nTinamouth\, LA 51895,Fieldsville,83079
984,Tina Mendoza,629 Leonard Square\nEast Loritown\, OR 52985,Robertburgh,96202
985,Kathy Blevins,78494 Sosa Ferry Suite 064\nNew Jamesview\, FL 38694,South Yolanda,47792
986,Roberta Schroeder,729 Thomas Valleys Apt. 299\nAnthonyville\, NM 41260,New Amanda,64213
987,Andrew Bond,36007 Luna Junction\nPort Tracy\, KY 60458,Romeroshire,49690
988,Laura Hobbs,PSC 6323\, Box 7244\nAPO AE 45643,Larrychester,73688
989,Miss Teresa Brennan,94936 Jennifer Cliffs Suite 220\nNew Robyn\, OH 37932,Meghanview,92490
990,Martin Bailey,Unit 2351 Box 8522\nDPO AA 86600,Cookberg,32647
991,Matthew Miller,286 Sara Street\nSouth Marie\, SD 33203,Troymouth,77307
992,Danny Atkins,6593 Brock Brook Apt. 006\nPort Nicholasbury\, HI 49639,South Tinaburgh,04446
993,Wendy Arnold,80815 Bond Fields\nWangside\, WV 31016,New Lisaview,29412
994,Jeffrey Foster,3985 Gonzalez Stream Apt. 836\nLake David\, AZ 52527,Port Williamchester,85433
995,Christina Myers,8620 Brian Curve Apt. 704\nSimmonsborough\, AL 37663,Morenomouth,80220
996,Brett Harrison,788 Anna Falls Suite 379\nPoolestad\, DE 86772,Snydermouth,39574
997,Angela Lewis,261 Ashley Squares\nDavisview\, AL 02228,West Nicholasfurt,15929
998,Cody Henry,3927 Powell Trail Apt. 624\nLake Melindabury\, CT 23081,North Clintonborough,73589
999,Heather Walls,Unit 4996 Box 5656\nDPO AE 26297,South Elizabethstad,30741
